parameter_set,key_rep,signature_index,sk_index_before,sk_index_after,sign_ns,verify_ns,verification_pass,signature_bytes,secret_key_bytes,tree_height,full_height,layers,wots_w
XMSSMT-SHA2_20/4_256,PUB_R3,0,0,1,10798723,5178166,PASS,9251,10942,5,20,4,16
XMSSMT-SHA2_20/4_256,PUB_R3,1,1,2,8384611,5145778,PASS,9251,10942,5,20,4,16
XMSSMT-SHA2_20/4_256,PUB_R3,2,2,3,10973500,4979056,PASS,9251,10942,5,20,4,16
XMSSMT-SHA2_20/4_256,PUB_R3,3,3,4,8540426,4984778,PASS,9251,10942,5,20,4,16
XMSSMT-SHA2_20/4_256,PUB_R3,4,4,5,10981574,5018371,PASS,9251,10942,5,20,4,16
XMSSMT-SHA2_20/4_256,PUB_R3,5,5,6,8421463,5144833,PASS,9251,10942,5,20,4,16
XMSSMT-SHA2_20/4_256,PUB_R3,6,6,7,10839611,5136722,PASS,9251,10942,5,20,4,16
XMSSMT-SHA2_20/4_256,PUB_R3,7,7,8,8542019,5025463,PASS,9251,10942,5,20,4,16
XMSSMT-SHA2_20/4_256,PUB_R3,8,8,9,11006463,4995611,PASS,9251,10942,5,20,4,16
XMSSMT-SHA2_20/4_256,PUB_R3,9,9,10,8602537,4960371,PASS,9251,10942,5,20,4,16
XMSSMT-SHA2_20/4_256,PUB_R3,10,10,11,10958444,5034444,PASS,9251,10942,5,20,4,16
XMSSMT-SHA2_20/4_256,PUB_R3,11,11,12,8554796,4989519,PASS,9251,10942,5,20,4,16
XMSSMT-SHA2_20/4_256,PUB_R3,12,12,13,11012408,4994166,PASS,9251,10942,5,20,4,16
XMSSMT-SHA2_20/4_256,PUB_R3,13,13,14,8399778,5148111,PASS,9251,10942,5,20,4,16
XMSSMT-SHA2_20/4_256,PUB_R3,14,14,15,10973222,5012648,PASS,9251,10942,5,20,4,16
XMSSMT-SHA2_20/4_256,PUB_R3,15,15,16,8480963,5080407,PASS,9251,10942,5,20,4,16
XMSSMT-SHA2_20/4_256,PUB_R3,16,16,17,10993037,4984555,PASS,9251,10942,5,20,4,16
XMSSMT-SHA2_20/4_256,PUB_R3,17,17,18,8501222,5066852,PASS,9251,10942,5,20,4,16
XMSSMT-SHA2_20/4_256,PUB_R3,18,18,19,11000389,4985352,PASS,9251,10942,5,20,4,16
XMSSMT-SHA2_20/4_256,PUB_R3,19,19,20,8559870,4988519,PASS,9251,10942,5,20,4,16
XMSSMT-SHA2_20/4_256,PUB_R3,20,20,21,11090037,4892092,PASS,9251,10942,5,20,4,16
XMSSMT-SHA2_20/4_256,PUB_R3,21,21,22,8513500,5019092,PASS,9251,10942,5,20,4,16
XMSSMT-SHA2_20/4_256,PUB_R3,22,22,23,10978685,5017315,PASS,9251,10942,5,20,4,16
XMSSMT-SHA2_20/4_256,PUB_R3,23,23,24,8477444,5079259,PASS,9251,10942,5,20,4,16
XMSSMT-SHA2_20/4_256,PUB_R3,24,24,25,10979685,5017537,PASS,9251,10942,5,20,4,16
XMSSMT-SHA2_20/4_256,PUB_R3,25,25,26,8633426,4912278,PASS,9251,10942,5,20,4,16
XMSSMT-SHA2_20/4_256,PUB_R3,26,26,27,10913112,5082092,PASS,9251,10942,5,20,4,16
XMSSMT-SHA2_20/4_256,PUB_R3,27,27,28,8508389,5066574,PASS,9251,10942,5,20,4,16
XMSSMT-SHA2_20/4_256,PUB_R3,28,28,29,11024481,4973648,PASS,9251,10942,5,20,4,16
XMSSMT-SHA2_20/4_256,PUB_R3,29,29,30,8593093,4967556,PASS,9251,10942,5,20,4,16
XMSSMT-SHA2_20/4_256,PUB_R3,30,30,31,10926222,5065907,PASS,9251,10942,5,20,4,16
XMSSMT-SHA2_20/4_256,PUB_R3,31,31,32,9508778,5162722,PASS,9251,10942,5,20,4,16
XMSSMT-SHA2_20/4_256,PUB_R3,32,32,33,11094852,4922759,PASS,9251,10942,5,20,4,16
XMSSMT-SHA2_20/4_256,PUB_R3,33,33,34,8473074,5114093,PASS,9251,10942,5,20,4,16
XMSSMT-SHA2_20/4_256,PUB_R3,34,34,35,10979833,5048648,PASS,9251,10942,5,20,4,16
XMSSMT-SHA2_20/4_256,PUB_R3,35,35,36,8635148,4954129,PASS,9251,10942,5,20,4,16
XMSSMT-SHA2_20/4_256,PUB_R3,36,36,37,11012889,5017760,PASS,9251,10942,5,20,4,16
XMSSMT-SHA2_20/4_256,PUB_R3,37,37,38,8592555,4984185,PASS,9251,10942,5,20,4,16
XMSSMT-SHA2_20/4_256,PUB_R3,38,38,39,10976148,5050370,PASS,9251,10942,5,20,4,16
XMSSMT-SHA2_20/4_256,PUB_R3,39,39,40,8391759,5181093,PASS,9251,10942,5,20,4,16
XMSSMT-SHA2_20/4_256,PUB_R3,40,40,41,10931556,5082926,PASS,9251,10942,5,20,4,16
XMSSMT-SHA2_20/4_256,PUB_R3,41,41,42,8537815,5051407,PASS,9251,10942,5,20,4,16
XMSSMT-SHA2_20/4_256,PUB_R3,42,42,43,11034481,4985019,PASS,9251,10942,5,20,4,16
XMSSMT-SHA2_20/4_256,PUB_R3,43,43,44,8510463,5081593,PASS,9251,10942,5,20,4,16
XMSSMT-SHA2_20/4_256,PUB_R3,44,44,45,10811778,5214463,PASS,9251,10942,5,20,4,16
XMSSMT-SHA2_20/4_256,PUB_R3,45,45,46,8780333,4877981,PASS,9251,10942,5,20,4,16
XMSSMT-SHA2_20/4_256,PUB_R3,46,46,47,11085778,4923204,PASS,9251,10942,5,20,4,16
XMSSMT-SHA2_20/4_256,PUB_R3,47,47,48,8456814,5122444,PASS,9251,10942,5,20,4,16
XMSSMT-SHA2_20/4_256,PUB_R3,48,48,49,10723408,5289796,PASS,9251,10942,5,20,4,16
XMSSMT-SHA2_20/4_256,PUB_R3,49,49,50,8487389,10074186,PASS,9251,10942,5,20,4,16
XMSSMT-SHA2_20/4_256,PUB_R3,50,50,51,11064574,5269259,PASS,9251,10942,5,20,4,16
XMSSMT-SHA2_20/4_256,PUB_R3,51,51,52,8598760,5000666,PASS,9251,10942,5,20,4,16
XMSSMT-SHA2_20/4_256,PUB_R3,52,52,53,11079907,4967074,PASS,9251,10942,5,20,4,16
XMSSMT-SHA2_20/4_256,PUB_R3,53,53,54,8472648,5122130,PASS,9251,10942,5,20,4,16
XMSSMT-SHA2_20/4_256,PUB_R3,54,54,55,10833834,5220130,PASS,9251,10942,5,20,4,16
XMSSMT-SHA2_20/4_256,PUB_R3,55,55,56,8488444,5116426,PASS,9251,10942,5,20,4,16
XMSSMT-SHA2_20/4_256,PUB_R3,56,56,57,8337352,5253463,PASS,9251,10942,5,20,4,16
XMSSMT-SHA2_20/4_256,PUB_R3,57,57,58,5879518,5264333,PASS,9251,10942,5,20,4,16
XMSSMT-SHA2_20/4_256,PUB_R3,58,58,59,8461223,5125777,PASS,9251,10942,5,20,4,16
XMSSMT-SHA2_20/4_256,PUB_R3,59,59,60,6107981,5019926,PASS,9251,10942,5,20,4,16
XMSSMT-SHA2_20/4_256,PUB_R3,60,60,61,8394296,5186944,PASS,9251,10942,5,20,4,16
XMSSMT-SHA2_20/4_256,PUB_R3,61,61,62,6172130,4961314,PASS,9251,10942,5,20,4,16
XMSSMT-SHA2_20/4_256,PUB_R3,62,62,63,8494185,5088074,PASS,9251,10942,5,20,4,16
XMSSMT-SHA2_20/4_256,PUB_R3,63,63,64,7324926,5085722,PASS,9251,10942,5,20,4,16
XMSSMT-SHA2_20/4_256,PUB_R3,64,64,65,8320926,5085945,PASS,9251,10942,5,20,4,16
XMSSMT-SHA2_20/4_256,PUB_R3,65,65,66,6203814,4759759,PASS,9251,10942,5,20,4,16
XMSSMT-SHA2_20/4_256,PUB_R3,66,66,67,8461500,4957833,PASS,9251,10942,5,20,4,16
XMSSMT-SHA2_20/4_256,PUB_R3,67,67,68,8500389,4919981,PASS,9251,10942,5,20,4,16
XMSSMT-SHA2_20/4_256,PUB_R3,68,68,69,8475074,4957055,PASS,9251,10942,5,20,4,16
XMSSMT-SHA2_20/4_256,PUB_R3,69,69,70,6044389,4921426,PASS,9251,10942,5,20,4,16
XMSSMT-SHA2_20/4_256,PUB_R3,70,70,71,8520797,4889037,PASS,9251,10942,5,20,4,16
XMSSMT-SHA2_20/4_256,PUB_R3,71,71,72,8347148,5092056,PASS,9251,10942,5,20,4,16
XMSSMT-SHA2_20/4_256,PUB_R3,72,72,73,11002703,4863297,PASS,9251,10942,5,20,4,16
XMSSMT-SHA2_20/4_256,PUB_R3,73,73,74,8509092,4926537,PASS,9251,10942,5,20,4,16
XMSSMT-SHA2_20/4_256,PUB_R3,74,74,75,11063945,4826630,PASS,9251,10942,5,20,4,16
XMSSMT-SHA2_20/4_256,PUB_R3,75,75,76,8471130,4962352,PASS,9251,10942,5,20,4,16
XMSSMT-SHA2_20/4_256,PUB_R3,76,76,77,8385204,5030667,PASS,9251,10942,5,20,4,16
XMSSMT-SHA2_20/4_256,PUB_R3,77,77,78,6076500,4890130,PASS,9251,10942,5,20,4,16
XMSSMT-SHA2_20/4_256,PUB_R3,78,78,79,8530500,4889260,PASS,9251,10942,5,20,4,16
XMSSMT-SHA2_20/4_256,PUB_R3,79,79,80,8580666,4871666,PASS,9251,10942,5,20,4,16
XMSSMT-SHA2_20/4_256,PUB_R3,80,80,81,10913389,4971111,PASS,9251,10942,5,20,4,16
XMSSMT-SHA2_20/4_256,PUB_R3,81,81,82,8634870,4801203,PASS,9251,10942,5,20,4,16
XMSSMT-SHA2_20/4_256,PUB_R3,82,82,83,10963722,4930741,PASS,9251,10942,5,20,4,16
XMSSMT-SHA2_20/4_256,PUB_R3,83,83,84,8529352,4889112,PASS,9251,10942,5,20,4,16
XMSSMT-SHA2_20/4_256,PUB_R3,84,84,85,8633833,4796241,PASS,9251,10942,5,20,4,16
XMSSMT-SHA2_20/4_256,PUB_R3,85,85,86,5959556,5021889,PASS,9251,10942,5,20,4,16
XMSSMT-SHA2_20/4_256,PUB_R3,86,86,87,8324167,5105852,PASS,9251,10942,5,20,4,16
XMSSMT-SHA2_20/4_256,PUB_R3,87,87,88,8336556,5104241,PASS,9251,10942,5,20,4,16
XMSSMT-SHA2_20/4_256,PUB_R3,88,88,89,8461204,4953482,PASS,9251,10942,5,20,4,16
XMSSMT-SHA2_20/4_256,PUB_R3,89,89,90,6056518,4926981,PASS,9251,10942,5,20,4,16
XMSSMT-SHA2_20/4_256,PUB_R3,90,90,91,8399612,5026241,PASS,9251,10942,5,20,4,16
XMSSMT-SHA2_20/4_256,PUB_R3,91,91,92,6119611,4858426,PASS,9251,10942,5,20,4,16
XMSSMT-SHA2_20/4_256,PUB_R3,92,92,93,8334130,5085203,PASS,9251,10942,5,20,4,16
XMSSMT-SHA2_20/4_256,PUB_R3,93,93,94,5895777,5086704,PASS,9251,10942,5,20,4,16
XMSSMT-SHA2_20/4_256,PUB_R3,94,94,95,8353760,5069648,PASS,9251,10942,5,20,4,16
XMSSMT-SHA2_20/4_256,PUB_R3,95,95,96,7054241,5053352,PASS,9251,10942,5,20,4,16
XMSSMT-SHA2_20/4_256,PUB_R3,96,96,97,8695333,4856074,PASS,9251,10942,5,20,4,16
XMSSMT-SHA2_20/4_256,PUB_R3,97,97,98,5893000,5223426,PASS,9251,10942,5,20,4,16
XMSSMT-SHA2_20/4_256,PUB_R3,98,98,99,8554648,4993704,PASS,9251,10942,5,20,4,16
XMSSMT-SHA2_20/4_256,PUB_R3,99,99,100,8465204,5097259,PASS,9251,10942,5,20,4,16
XMSSMT-SHA2_20/4_256,PUB_R3,100,100,101,8478852,5090907,PASS,9251,10942,5,20,4,16
XMSSMT-SHA2_20/4_256,PUB_R3,101,101,102,6063685,5052963,PASS,9251,10942,5,20,4,16
XMSSMT-SHA2_20/4_256,PUB_R3,102,102,103,8510593,5058055,PASS,9251,10942,5,20,4,16
XMSSMT-SHA2_20/4_256,PUB_R3,103,103,104,8532629,5031352,PASS,9251,10942,5,20,4,16
XMSSMT-SHA2_20/4_256,PUB_R3,104,104,105,11004463,5003685,PASS,9251,10942,5,20,4,16
XMSSMT-SHA2_20/4_256,PUB_R3,105,105,106,8572704,4991426,PASS,9251,10942,5,20,4,16
XMSSMT-SHA2_20/4_256,PUB_R3,106,106,107,11037482,4963686,PASS,9251,10942,5,20,4,16
XMSSMT-SHA2_20/4_256,PUB_R3,107,107,108,8512277,5056223,PASS,9251,10942,5,20,4,16
XMSSMT-SHA2_20/4_256,PUB_R3,108,108,109,8401945,5157926,PASS,9251,10942,5,20,4,16
XMSSMT-SHA2_20/4_256,PUB_R3,109,109,110,6177834,4934296,PASS,9251,10942,5,20,4,16
XMSSMT-SHA2_20/4_256,PUB_R3,110,110,111,8486334,5065315,PASS,9251,10942,5,20,4,16
XMSSMT-SHA2_20/4_256,PUB_R3,111,111,112,8477315,5087167,PASS,9251,10942,5,20,4,16
XMSSMT-SHA2_20/4_256,PUB_R3,112,112,113,10950556,5053963,PASS,9251,10942,5,20,4,16
XMSSMT-SHA2_20/4_256,PUB_R3,113,113,114,8422666,5150426,PASS,9251,10942,5,20,4,16
XMSSMT-SHA2_20/4_256,PUB_R3,114,114,115,10864389,5155278,PASS,9251,10942,5,20,4,16
XMSSMT-SHA2_20/4_256,PUB_R3,115,115,116,8503149,5069222,PASS,9251,10942,5,20,4,16
XMSSMT-SHA2_20/4_256,PUB_R3,116,116,117,8353722,5197037,PASS,9251,10942,5,20,4,16
XMSSMT-SHA2_20/4_256,PUB_R3,117,117,118,6110500,4986870,PASS,9251,10942,5,20,4,16
XMSSMT-SHA2_20/4_256,PUB_R3,118,118,119,8540166,5043648,PASS,9251,10942,5,20,4,16
XMSSMT-SHA2_20/4_256,PUB_R3,119,119,120,8587574,4990408,PASS,9251,10942,5,20,4,16
XMSSMT-SHA2_20/4_256,PUB_R3,120,120,121,8498592,5058926,PASS,9251,10942,5,20,4,16
XMSSMT-SHA2_20/4_256,PUB_R3,121,121,122,6110814,4989204,PASS,9251,10942,5,20,4,16
XMSSMT-SHA2_20/4_256,PUB_R3,122,122,123,6080018,5022685,PASS,9251,10942,5,20,4,16
XMSSMT-SHA2_20/4_256,PUB_R3,123,123,124,6113371,4999686,PASS,9251,10942,5,20,4,16
XMSSMT-SHA2_20/4_256,PUB_R3,124,124,125,5938722,5157185,PASS,9251,10942,5,20,4,16
XMSSMT-SHA2_20/4_256,PUB_R3,125,125,126,3752518,4927037,PASS,9251,10942,5,20,4,16
XMSSMT-SHA2_20/4_256,PUB_R3,126,126,127,6095518,5001611,PASS,9251,10942,5,20,4,16
XMSSMT-SHA2_20/4_256,PUB_R3,127,127,128,7127760,5084740,PASS,9251,10942,5,20,4,16
XMSSMT-SHA2_20/4_256,PUB_R3,128,128,129,11012074,5016241,PASS,9251,10942,5,20,4,16
XMSSMT-SHA2_20/4_256,PUB_R3,129,129,130,6133722,5019240,PASS,9251,10942,5,20,4,16
XMSSMT-SHA2_20/4_256,PUB_R3,130,130,131,5865981,5260389,PASS,9251,10942,5,20,4,16
XMSSMT-SHA2_20/4_256,PUB_R3,131,131,132,8564314,5027185,PASS,9251,10942,5,20,4,16
XMSSMT-SHA2_20/4_256,PUB_R3,132,132,133,8538500,5052796,PASS,9251,10942,5,20,4,16
XMSSMT-SHA2_20/4_256,PUB_R3,133,133,134,6061482,5088704,PASS,9251,10942,5,20,4,16
XMSSMT-SHA2_20/4_256,PUB_R3,134,134,135,6067648,5067629,PASS,9251,10942,5,20,4,16
XMSSMT-SHA2_20/4_256,PUB_R3,135,135,136,8633500,4960463,PASS,9251,10942,5,20,4,16
XMSSMT-SHA2_20/4_256,PUB_R3,136,136,137,10927593,5088444,PASS,9251,10942,5,20,4,16
XMSSMT-SHA2_20/4_256,PUB_R3,137,137,138,8554963,5016352,PASS,9251,10942,5,20,4,16
XMSSMT-SHA2_20/4_256,PUB_R3,138,138,139,10969037,5055575,PASS,9251,10942,5,20,4,16
XMSSMT-SHA2_20/4_256,PUB_R3,139,139,140,8622463,4950130,PASS,9251,10942,5,20,4,16
XMSSMT-SHA2_20/4_256,PUB_R3,140,140,141,8353148,5217315,PASS,9251,10942,5,20,4,16
XMSSMT-SHA2_20/4_256,PUB_R3,141,141,142,6070834,5053648,PASS,9251,10942,5,20,4,16
XMSSMT-SHA2_20/4_256,PUB_R3,142,142,143,5899074,5219315,PASS,9251,10942,5,20,4,16
XMSSMT-SHA2_20/4_256,PUB_R3,143,143,144,8561352,5019593,PASS,9251,10942,5,20,4,16
XMSSMT-SHA2_20/4_256,PUB_R3,144,144,145,11001333,5020926,PASS,9251,10942,5,20,4,16
XMSSMT-SHA2_20/4_256,PUB_R3,145,145,146,8650315,4923907,PASS,9251,10942,5,20,4,16
XMSSMT-SHA2_20/4_256,PUB_R3,146,146,147,11065870,4954834,PASS,9251,10942,5,20,4,16
XMSSMT-SHA2_20/4_256,PUB_R3,147,147,148,8390426,5188852,PASS,9251,10942,5,20,4,16
XMSSMT-SHA2_20/4_256,PUB_R3,148,148,149,8644352,4918704,PASS,9251,10942,5,20,4,16
XMSSMT-SHA2_20/4_256,PUB_R3,149,149,150,6082556,5066074,PASS,9251,10942,5,20,4,16
XMSSMT-SHA2_20/4_256,PUB_R3,150,150,151,6035722,5103111,PASS,9251,10942,5,20,4,16
XMSSMT-SHA2_20/4_256,PUB_R3,151,151,152,8508296,5094556,PASS,9251,10942,5,20,4,16
XMSSMT-SHA2_20/4_256,PUB_R3,152,152,153,8602093,4984722,PASS,9251,10942,5,20,4,16
XMSSMT-SHA2_20/4_256,PUB_R3,153,153,154,6060593,5085815,PASS,9251,10942,5,20,4,16
XMSSMT-SHA2_20/4_256,PUB_R3,154,154,155,6002148,5133593,PASS,9251,10942,5,20,4,16
XMSSMT-SHA2_20/4_256,PUB_R3,155,155,156,6032389,5120333,PASS,9251,10942,5,20,4,16
XMSSMT-SHA2_20/4_256,PUB_R3,156,156,157,6075185,5073870,PASS,9251,10942,5,20,4,16
XMSSMT-SHA2_20/4_256,PUB_R3,157,157,158,3662482,5019870,PASS,9251,10942,5,20,4,16
XMSSMT-SHA2_20/4_256,PUB_R3,158,158,159,6048722,5086445,PASS,9251,10942,5,20,4,16
XMSSMT-SHA2_20/4_256,PUB_R3,159,159,160,6826945,5331611,PASS,9251,10942,5,20,4,16
XMSSMT-SHA2_20/4_256,PUB_R3,160,160,161,6035075,5189704,PASS,9251,10942,5,20,4,16
XMSSMT-SHA2_20/4_256,PUB_R3,161,161,162,5929389,5315519,PASS,9251,10942,5,20,4,16
XMSSMT-SHA2_20/4_256,PUB_R3,162,162,163,6105833,5122093,PASS,9251,10942,5,20,4,16
XMSSMT-SHA2_20/4_256,PUB_R3,163,163,164,8531389,5161630,PASS,9251,10942,5,20,4,16
XMSSMT-SHA2_20/4_256,PUB_R3,164,164,165,8284037,5400297,PASS,9251,10942,5,20,4,16
XMSSMT-SHA2_20/4_256,PUB_R3,165,165,166,6025037,5221833,PASS,9251,10942,5,20,4,16
XMSSMT-SHA2_20/4_256,PUB_R3,166,166,167,6147333,5090352,PASS,9251,10942,5,20,4,16
XMSSMT-SHA2_20/4_256,PUB_R3,167,167,168,8335259,5373925,PASS,9251,10942,5,20,4,16
XMSSMT-SHA2_20/4_256,PUB_R3,168,168,169,10718222,5429703,PASS,9251,10942,5,20,4,16
XMSSMT-SHA2_20/4_256,PUB_R3,169,169,170,8398278,5287482,PASS,9251,10942,5,20,4,16
XMSSMT-SHA2_20/4_256,PUB_R3,170,170,171,10858611,5288074,PASS,9251,10942,5,20,4,16
XMSSMT-SHA2_20/4_256,PUB_R3,171,171,172,8390667,5320352,PASS,9251,10942,5,20,4,16
XMSSMT-SHA2_20/4_256,PUB_R3,172,172,173,8366482,5313240,PASS,9251,10942,5,20,4,16
XMSSMT-SHA2_20/4_256,PUB_R3,173,173,174,6152759,5088389,PASS,9251,10942,5,20,4,16
XMSSMT-SHA2_20/4_256,PUB_R3,174,174,175,6067426,5166537,PASS,9251,10942,5,20,4,16
XMSSMT-SHA2_20/4_256,PUB_R3,175,175,176,8515796,5187296,PASS,9251,10942,5,20,4,16
XMSSMT-SHA2_20/4_256,PUB_R3,176,176,177,11057074,5091019,PASS,9251,10942,5,20,4,16
XMSSMT-SHA2_20/4_256,PUB_R3,177,177,178,8618482,5094240,PASS,9251,10942,5,20,4,16
XMSSMT-SHA2_20/4_256,PUB_R3,178,178,179,11044926,5087963,PASS,9251,10942,5,20,4,16
XMSSMT-SHA2_20/4_256,PUB_R3,179,179,180,8475463,5232574,PASS,9251,10942,5,20,4,16
XMSSMT-SHA2_20/4_256,PUB_R3,180,180,181,8498315,5207222,PASS,9251,10942,5,20,4,16
XMSSMT-SHA2_20/4_256,PUB_R3,181,181,182,5845260,5380111,PASS,9251,10942,5,20,4,16
XMSSMT-SHA2_20/4_256,PUB_R3,182,182,183,6078167,5147722,PASS,9251,10942,5,20,4,16
XMSSMT-SHA2_20/4_256,PUB_R3,183,183,184,8670296,5033222,PASS,9251,10942,5,20,4,16
XMSSMT-SHA2_20/4_256,PUB_R3,184,184,185,8457908,5234592,PASS,9251,10942,5,20,4,16
XMSSMT-SHA2_20/4_256,PUB_R3,185,185,186,6085204,5161518,PASS,9251,10942,5,20,4,16
XMSSMT-SHA2_20/4_256,PUB_R3,186,186,187,5953481,5284241,PASS,9251,10942,5,20,4,16
XMSSMT-SHA2_20/4_256,PUB_R3,187,187,188,6148870,5100352,PASS,9251,10942,5,20,4,16
XMSSMT-SHA2_20/4_256,PUB_R3,188,188,189,6168037,5054593,PASS,9251,10942,5,20,4,16
XMSSMT-SHA2_20/4_256,PUB_R3,189,189,190,3744778,5053074,PASS,9251,10942,5,20,4,16
XMSSMT-SHA2_20/4_256,PUB_R3,190,190,191,6067834,5164241,PASS,9251,10942,5,20,4,16
XMSSMT-SHA2_20/4_256,PUB_R3,191,191,192,7294203,5087666,PASS,9251,10942,5,20,4,16
XMSSMT-SHA2_20/4_256,PUB_R3,192,192,193,6141167,4953593,PASS,9251,10942,5,20,4,16
XMSSMT-SHA2_20/4_256,PUB_R3,193,193,194,6079537,5034444,PASS,9251,10942,5,20,4,16
XMSSMT-SHA2_20/4_256,PUB_R3,194,194,195,5933852,5151388,PASS,9251,10942,5,20,4,16
XMSSMT-SHA2_20/4_256,PUB_R3,195,195,196,8384759,5185814,PASS,9251,10942,5,20,4,16
XMSSMT-SHA2_20/4_256,PUB_R3,196,196,197,8407093,5153056,PASS,9251,10942,5,20,4,16
XMSSMT-SHA2_20/4_256,PUB_R3,197,197,198,6108481,5002389,PASS,9251,10942,5,20,4,16
XMSSMT-SHA2_20/4_256,PUB_R3,198,198,199,6105129,4983223,PASS,9251,10942,5,20,4,16
XMSSMT-SHA2_20/4_256,PUB_R3,199,199,200,8477500,5090649,PASS,9251,10942,5,20,4,16
XMSSMT-SHA2_20/4_256,PUB_R3,200,200,201,11051518,4990519,PASS,9251,10942,5,20,4,16
XMSSMT-SHA2_20/4_256,PUB_R3,201,201,202,8680945,4892648,PASS,9251,10942,5,20,4,16
XMSSMT-SHA2_20/4_256,PUB_R3,202,202,203,10834648,5193759,PASS,9251,10942,5,20,4,16
XMSSMT-SHA2_20/4_256,PUB_R3,203,203,204,8563260,5007611,PASS,9251,10942,5,20,4,16
XMSSMT-SHA2_20/4_256,PUB_R3,204,204,205,8489352,5070277,PASS,9251,10942,5,20,4,16
XMSSMT-SHA2_20/4_256,PUB_R3,205,205,206,6222426,4890981,PASS,9251,10942,5,20,4,16
XMSSMT-SHA2_20/4_256,PUB_R3,206,206,207,5945648,5152945,PASS,9251,10942,5,20,4,16
XMSSMT-SHA2_20/4_256,PUB_R3,207,207,208,8468908,5095352,PASS,9251,10942,5,20,4,16
XMSSMT-SHA2_20/4_256,PUB_R3,208,208,209,10996667,5000740,PASS,9251,10942,5,20,4,16
XMSSMT-SHA2_20/4_256,PUB_R3,209,209,210,8502056,5055796,PASS,9251,10942,5,20,4,16
XMSSMT-SHA2_20/4_256,PUB_R3,210,210,211,10982370,5020463,PASS,9251,10942,5,20,4,16
XMSSMT-SHA2_20/4_256,PUB_R3,211,211,212,8583185,4989537,PASS,9251,10942,5,20,4,16
XMSSMT-SHA2_20/4_256,PUB_R3,212,212,213,8398111,5151833,PASS,9251,10942,5,20,4,16
XMSSMT-SHA2_20/4_256,PUB_R3,213,213,214,6111019,4993370,PASS,9251,10942,5,20,4,16
XMSSMT-SHA2_20/4_256,PUB_R3,214,214,215,6058259,5058537,PASS,9251,10942,5,20,4,16
XMSSMT-SHA2_20/4_256,PUB_R3,215,215,216,8655611,5099870,PASS,9251,10942,5,20,4,16
XMSSMT-SHA2_20/4_256,PUB_R3,216,216,217,8485093,5163833,PASS,9251,10942,5,20,4,16
XMSSMT-SHA2_20/4_256,PUB_R3,217,217,218,6166462,5011056,PASS,9251,10942,5,20,4,16
XMSSMT-SHA2_20/4_256,PUB_R3,218,218,219,6078426,5011592,PASS,9251,10942,5,20,4,16
XMSSMT-SHA2_20/4_256,PUB_R3,219,219,220,6106592,4985445,PASS,9251,10942,5,20,4,16
XMSSMT-SHA2_20/4_256,PUB_R3,220,220,221,6095760,4986019,PASS,9251,10942,5,20,4,16
XMSSMT-SHA2_20/4_256,PUB_R3,221,221,222,3787963,4852611,PASS,9251,10942,5,20,4,16
XMSSMT-SHA2_20/4_256,PUB_R3,222,222,223,6131759,4949889,PASS,9251,10942,5,20,4,16
XMSSMT-SHA2_20/4_256,PUB_R3,223,223,224,6952760,5150277,PASS,9251,10942,5,20,4,16
XMSSMT-SHA2_20/4_256,PUB_R3,224,224,225,6026148,5181408,PASS,9251,10942,5,20,4,16
XMSSMT-SHA2_20/4_256,PUB_R3,225,225,226,6140592,5091092,PASS,9251,10942,5,20,4,16
XMSSMT-SHA2_20/4_256,PUB_R3,226,226,227,5996148,5222278,PASS,9251,10942,5,20,4,16
XMSSMT-SHA2_20/4_256,PUB_R3,227,227,228,8462833,5215926,PASS,9251,10942,5,20,4,16
XMSSMT-SHA2_20/4_256,PUB_R3,228,228,229,8550426,5120686,PASS,9251,10942,5,20,4,16
XMSSMT-SHA2_20/4_256,PUB_R3,229,229,230,6111240,5127260,PASS,9251,10942,5,20,4,16
XMSSMT-SHA2_20/4_256,PUB_R3,230,230,231,6074815,5156186,PASS,9251,10942,5,20,4,16
XMSSMT-SHA2_20/4_256,PUB_R3,231,231,232,8524000,5190778,PASS,9251,10942,5,20,4,16
XMSSMT-SHA2_20/4_256,PUB_R3,232,232,233,10842574,5291759,PASS,9251,10942,5,20,4,16
XMSSMT-SHA2_20/4_256,PUB_R3,233,233,234,8576186,5118259,PASS,9251,10942,5,20,4,16
XMSSMT-SHA2_20/4_256,PUB_R3,234,234,235,10856852,5285241,PASS,9251,10942,5,20,4,16
XMSSMT-SHA2_20/4_256,PUB_R3,235,235,236,8406611,5305981,PASS,9251,10942,5,20,4,16
XMSSMT-SHA2_20/4_256,PUB_R3,236,236,237,8489648,5199074,PASS,9251,10942,5,20,4,16
XMSSMT-SHA2_20/4_256,PUB_R3,237,237,238,6044389,5185574,PASS,9251,10942,5,20,4,16
XMSSMT-SHA2_20/4_256,PUB_R3,238,238,239,5917833,5321222,PASS,9251,10942,5,20,4,16
XMSSMT-SHA2_20/4_256,PUB_R3,239,239,240,8641703,5055408,PASS,9251,10942,5,20,4,16
XMSSMT-SHA2_20/4_256,PUB_R3,240,240,241,10986963,5153315,PASS,9251,10942,5,20,4,16
XMSSMT-SHA2_20/4_256,PUB_R3,241,241,242,8536778,5167408,PASS,9251,10942,5,20,4,16
XMSSMT-SHA2_20/4_256,PUB_R3,242,242,243,10904888,5227426,PASS,9251,10942,5,20,4,16
XMSSMT-SHA2_20/4_256,PUB_R3,243,243,244,8494241,5194833,PASS,9251,10942,5,20,4,16
XMSSMT-SHA2_20/4_256,PUB_R3,244,244,245,8366982,5316296,PASS,9251,10942,5,20,4,16
XMSSMT-SHA2_20/4_256,PUB_R3,245,245,246,6096648,5153944,PASS,9251,10942,5,20,4,16
XMSSMT-SHA2_20/4_256,PUB_R3,246,246,247,6009833,5224648,PASS,9251,10942,5,20,4,16
XMSSMT-SHA2_20/4_256,PUB_R3,247,247,248,8575445,5118278,PASS,9251,10942,5,20,4,16
XMSSMT-SHA2_20/4_256,PUB_R3,248,248,249,8508000,5185056,PASS,9251,10942,5,20,4,16
XMSSMT-SHA2_20/4_256,PUB_R3,249,249,250,6184629,5049814,PASS,9251,10942,5,20,4,16
XMSSMT-SHA2_20/4_256,PUB_R3,250,250,251,6032204,5197000,PASS,9251,10942,5,20,4,16
XMSSMT-SHA2_20/4_256,PUB_R3,251,251,252,6149482,5092167,PASS,9251,10942,5,20,4,16
XMSSMT-SHA2_20/4_256,PUB_R3,252,252,253,6084796,5149334,PASS,9251,10942,5,20,4,16
XMSSMT-SHA2_20/4_256,PUB_R3,253,253,254,3623574,5162074,PASS,9251,10942,5,20,4,16
XMSSMT-SHA2_20/4_256,PUB_R3,254,254,255,5907185,5312186,PASS,9251,10942,5,20,4,16
XMSSMT-SHA2_20/4_256,PUB_R3,255,255,256,7300796,5182759,PASS,9251,10942,5,20,4,16
XMSSMT-SHA2_20/4_256,PUB_R3,256,256,257,10913778,4984203,PASS,9251,10942,5,20,4,16
XMSSMT-SHA2_20/4_256,PUB_R3,257,257,258,8595315,4870593,PASS,9251,10942,5,20,4,16
XMSSMT-SHA2_20/4_256,PUB_R3,258,258,259,11059537,4835074,PASS,9251,10942,5,20,4,16
XMSSMT-SHA2_20/4_256,PUB_R3,259,259,260,8454759,5000815,PASS,9251,10942,5,20,4,16
XMSSMT-SHA2_20/4_256,PUB_R3,260,260,261,10948018,4955852,PASS,9251,10942,5,20,4,16
XMSSMT-SHA2_20/4_256,PUB_R3,261,261,262,6126797,4888796,PASS,9251,10942,5,20,4,16
XMSSMT-SHA2_20/4_256,PUB_R3,262,262,263,6164944,4824852,PASS,9251,10942,5,20,4,16
XMSSMT-SHA2_20/4_256,PUB_R3,263,263,264,8332037,5133907,PASS,9251,10942,5,20,4,16
XMSSMT-SHA2_20/4_256,PUB_R3,264,264,265,11010908,4901851,PASS,9251,10942,5,20,4,16
XMSSMT-SHA2_20/4_256,PUB_R3,265,265,266,8524130,4920389,PASS,9251,10942,5,20,4,16
XMSSMT-SHA2_20/4_256,PUB_R3,266,266,267,11039407,4852908,PASS,9251,10942,5,20,4,16
XMSSMT-SHA2_20/4_256,PUB_R3,267,267,268,8544445,4923500,PASS,9251,10942,5,20,4,16
XMSSMT-SHA2_20/4_256,PUB_R3,268,268,269,8527481,4920537,PASS,9251,10942,5,20,4,16
XMSSMT-SHA2_20/4_256,PUB_R3,269,269,270,6035259,4966407,PASS,9251,10942,5,20,4,16
XMSSMT-SHA2_20/4_256,PUB_R3,270,270,271,6132945,4853741,PASS,9251,10942,5,20,4,16
XMSSMT-SHA2_20/4_256,PUB_R3,271,271,272,8506500,4955500,PASS,9251,10942,5,20,4,16
XMSSMT-SHA2_20/4_256,PUB_R3,272,272,273,11007185,4890352,PASS,9251,10942,5,20,4,16
XMSSMT-SHA2_20/4_256,PUB_R3,273,273,274,8509185,4955148,PASS,9251,10942,5,20,4,16
XMSSMT-SHA2_20/4_256,PUB_R3,274,274,275,10951037,4952778,PASS,9251,10942,5,20,4,16
XMSSMT-SHA2_20/4_256,PUB_R3,275,275,276,8521926,4936666,PASS,9251,10942,5,20,4,16
XMSSMT-SHA2_20/4_256,PUB_R3,276,276,277,8591296,4894315,PASS,9251,10942,5,20,4,16
XMSSMT-SHA2_20/4_256,PUB_R3,277,277,278,6154037,4858408,PASS,9251,10942,5,20,4,16
XMSSMT-SHA2_20/4_256,PUB_R3,278,278,279,6063759,4930722,PASS,9251,10942,5,20,4,16
XMSSMT-SHA2_20/4_256,PUB_R3,279,279,280,8399370,5068778,PASS,9251,10942,5,20,4,16
XMSSMT-SHA2_20/4_256,PUB_R3,280,280,281,8490889,4955704,PASS,9251,10942,5,20,4,16
XMSSMT-SHA2_20/4_256,PUB_R3,281,281,282,6115426,4882130,PASS,9251,10942,5,20,4,16
XMSSMT-SHA2_20/4_256,PUB_R3,282,282,283,6067982,4936629,PASS,9251,10942,5,20,4,16
XMSSMT-SHA2_20/4_256,PUB_R3,283,283,284,6140815,4852074,PASS,9251,10942,5,20,4,16
XMSSMT-SHA2_20/4_256,PUB_R3,284,284,285,6089760,4921555,PASS,9251,10942,5,20,4,16
XMSSMT-SHA2_20/4_256,PUB_R3,285,285,286,3460018,5092685,PASS,9251,10942,5,20,4,16
XMSSMT-SHA2_20/4_256,PUB_R3,286,286,287,5949722,5052148,PASS,9251,10942,5,20,4,16
XMSSMT-SHA2_20/4_256,PUB_R3,287,287,288,7227241,4921259,PASS,9251,10942,5,20,4,16
XMSSMT-SHA2_20/4_256,PUB_R3,288,288,289,6065389,5040445,PASS,9251,10942,5,20,4,16
XMSSMT-SHA2_20/4_256,PUB_R3,289,289,290,6104648,4977760,PASS,9251,10942,5,20,4,16
XMSSMT-SHA2_20/4_256,PUB_R3,290,290,291,6088870,5025926,PASS,9251,10942,5,20,4,16
XMSSMT-SHA2_20/4_256,PUB_R3,291,291,292,8658426,4911482,PASS,9251,10942,5,20,4,16
XMSSMT-SHA2_20/4_256,PUB_R3,292,292,293,8643963,4884722,PASS,9251,10942,5,20,4,16
XMSSMT-SHA2_20/4_256,PUB_R3,293,293,294,6137833,4950351,PASS,9251,10942,5,20,4,16
XMSSMT-SHA2_20/4_256,PUB_R3,294,294,295,5895149,5182796,PASS,9251,10942,5,20,4,16
XMSSMT-SHA2_20/4_256,PUB_R3,295,295,296,8455315,5080852,PASS,9251,10942,5,20,4,16
XMSSMT-SHA2_20/4_256,PUB_R3,296,296,297,10889426,5085778,PASS,9251,10942,5,20,4,16
XMSSMT-SHA2_20/4_256,PUB_R3,297,297,298,8522981,5018945,PASS,9251,10942,5,20,4,16
XMSSMT-SHA2_20/4_256,PUB_R3,298,298,299,10894370,5082148,PASS,9251,10942,5,20,4,16
XMSSMT-SHA2_20/4_256,PUB_R3,299,299,300,8396797,5145315,PASS,9251,10942,5,20,4,16
XMSSMT-SHA2_20/4_256,PUB_R3,300,300,301,8377833,5147074,PASS,9251,10942,5,20,4,16
XMSSMT-SHA2_20/4_256,PUB_R3,301,301,302,6103945,4981167,PASS,9251,10942,5,20,4,16
XMSSMT-SHA2_20/4_256,PUB_R3,302,302,303,6027296,5050630,PASS,9251,10942,5,20,4,16
XMSSMT-SHA2_20/4_256,PUB_R3,303,303,304,8454778,5080593,PASS,9251,10942,5,20,4,16
XMSSMT-SHA2_20/4_256,PUB_R3,304,304,305,10825037,5146963,PASS,9251,10942,5,20,4,16
XMSSMT-SHA2_20/4_256,PUB_R3,305,305,306,8516833,5015278,PASS,9251,10942,5,20,4,16
XMSSMT-SHA2_20/4_256,PUB_R3,306,306,307,10904112,5087908,PASS,9251,10942,5,20,4,16
XMSSMT-SHA2_20/4_256,PUB_R3,307,307,308,8404852,5172648,PASS,9251,10942,5,20,4,16
XMSSMT-SHA2_20/4_256,PUB_R3,308,308,309,8557167,4992889,PASS,9251,10942,5,20,4,16
XMSSMT-SHA2_20/4_256,PUB_R3,309,309,310,6179037,4917704,PASS,9251,10942,5,20,4,16
XMSSMT-SHA2_20/4_256,PUB_R3,310,310,311,5996704,5095333,PASS,9251,10942,5,20,4,16
XMSSMT-SHA2_20/4_256,PUB_R3,311,311,312,8525296,5029389,PASS,9251,10942,5,20,4,16
XMSSMT-SHA2_20/4_256,PUB_R3,312,312,313,8460185,5089851,PASS,9251,10942,5,20,4,16
XMSSMT-SHA2_20/4_256,PUB_R3,313,313,314,6056704,5052703,PASS,9251,10942,5,20,4,16
XMSSMT-SHA2_20/4_256,PUB_R3,314,314,315,6071315,5039630,PASS,9251,10942,5,20,4,16
XMSSMT-SHA2_20/4_256,PUB_R3,315,315,316,5919260,5184389,PASS,9251,10942,5,20,4,16
XMSSMT-SHA2_20/4_256,PUB_R3,316,316,317,5889333,5220815,PASS,9251,10942,5,20,4,16
XMSSMT-SHA2_20/4_256,PUB_R3,317,317,318,3568981,5086500,PASS,9251,10942,5,20,4,16
XMSSMT-SHA2_20/4_256,PUB_R3,318,318,319,6062834,5021370,PASS,9251,10942,5,20,4,16
XMSSMT-SHA2_20/4_256,PUB_R3,319,319,320,7357149,4954018,PASS,9251,10942,5,20,4,16
XMSSMT-SHA2_20/4_256,PUB_R3,320,320,321,6034241,4997037,PASS,9251,10942,5,20,4,16
XMSSMT-SHA2_20/4_256,PUB_R3,321,321,322,6075370,4952555,PASS,9251,10942,5,20,4,16
XMSSMT-SHA2_20/4_256,PUB_R3,322,322,323,6027074,5017629,PASS,9251,10942,5,20,4,16
XMSSMT-SHA2_20/4_256,PUB_R3,323,323,324,8497685,4986870,PASS,9251,10942,5,20,4,16
XMSSMT-SHA2_20/4_256,PUB_R3,324,324,325,8547315,4957518,PASS,9251,10942,5,20,4,16
XMSSMT-SHA2_20/4_256,PUB_R3,325,325,326,5955408,5082463,PASS,9251,10942,5,20,4,16
XMSSMT-SHA2_20/4_256,PUB_R3,326,326,327,6041722,4981000,PASS,9251,10942,5,20,4,16
XMSSMT-SHA2_20/4_256,PUB_R3,327,327,328,8463037,5035259,PASS,9251,10942,5,20,4,16
XMSSMT-SHA2_20/4_256,PUB_R3,328,328,329,11030796,4900370,PASS,9251,10942,5,20,4,16
XMSSMT-SHA2_20/4_256,PUB_R3,329,329,330,8488426,4996074,PASS,9251,10942,5,20,4,16
XMSSMT-SHA2_20/4_256,PUB_R3,330,330,331,10937407,5003333,PASS,9251,10942,5,20,4,16
XMSSMT-SHA2_20/4_256,PUB_R3,331,331,332,8532111,4950537,PASS,9251,10942,5,20,4,16
XMSSMT-SHA2_20/4_256,PUB_R3,332,332,333,8557056,4923481,PASS,9251,10942,5,20,4,16
XMSSMT-SHA2_20/4_256,PUB_R3,333,333,334,6012685,5021556,PASS,9251,10942,5,20,4,16
XMSSMT-SHA2_20/4_256,PUB_R3,334,334,335,5840297,5184778,PASS,9251,10942,5,20,4,16
XMSSMT-SHA2_20/4_256,PUB_R3,335,335,336,8557611,4958463,PASS,9251,10942,5,20,4,16
XMSSMT-SHA2_20/4_256,PUB_R3,336,336,337,10975203,4958722,PASS,9251,10942,5,20,4,16
XMSSMT-SHA2_20/4_256,PUB_R3,337,337,338,8417611,5087630,PASS,9251,10942,5,20,4,16
XMSSMT-SHA2_20/4_256,PUB_R3,338,338,339,10843870,5083426,PASS,9251,10942,5,20,4,16
XMSSMT-SHA2_20/4_256,PUB_R3,339,339,340,8476278,5028296,PASS,9251,10942,5,20,4,16
XMSSMT-SHA2_20/4_256,PUB_R3,340,340,341,8518944,4967371,PASS,9251,10942,5,20,4,16
XMSSMT-SHA2_20/4_256,PUB_R3,341,341,342,6205260,4820055,PASS,9251,10942,5,20,4,16
XMSSMT-SHA2_20/4_256,PUB_R3,342,342,343,6048148,4991722,PASS,9251,10942,5,20,4,16
XMSSMT-SHA2_20/4_256,PUB_R3,343,343,344,8666797,4844112,PASS,9251,10942,5,20,4,16
XMSSMT-SHA2_20/4_256,PUB_R3,344,344,345,8512907,4965703,PASS,9251,10942,5,20,4,16
XMSSMT-SHA2_20/4_256,PUB_R3,345,345,346,5882778,5152852,PASS,9251,10942,5,20,4,16
XMSSMT-SHA2_20/4_256,PUB_R3,346,346,347,6082593,4960555,PASS,9251,10942,5,20,4,16
XMSSMT-SHA2_20/4_256,PUB_R3,347,347,348,5943019,5097444,PASS,9251,10942,5,20,4,16
XMSSMT-SHA2_20/4_256,PUB_R3,348,348,349,6070203,4951852,PASS,9251,10942,5,20,4,16
XMSSMT-SHA2_20/4_256,PUB_R3,349,349,350,3503851,5093278,PASS,9251,10942,5,20,4,16
XMSSMT-SHA2_20/4_256,PUB_R3,350,350,351,5997537,5017889,PASS,9251,10942,5,20,4,16
XMSSMT-SHA2_20/4_256,PUB_R3,351,351,352,7077759,5018093,PASS,9251,10942,5,20,4,16
XMSSMT-SHA2_20/4_256,PUB_R3,352,352,353,6128815,5072629,PASS,9251,10942,5,20,4,16
XMSSMT-SHA2_20/4_256,PUB_R3,353,353,354,6104074,5106167,PASS,9251,10942,5,20,4,16
XMSSMT-SHA2_20/4_256,PUB_R3,354,354,355,5911592,5276352,PASS,9251,10942,5,20,4,16
XMSSMT-SHA2_20/4_256,PUB_R3,355,355,356,8506519,5159666,PASS,9251,10942,5,20,4,16
XMSSMT-SHA2_20/4_256,PUB_R3,356,356,357,8435260,5252981,PASS,9251,10942,5,20,4,16
XMSSMT-SHA2_20/4_256,PUB_R3,357,357,358,6075463,5128203,PASS,9251,10942,5,20,4,16
XMSSMT-SHA2_20/4_256,PUB_R3,358,358,359,6218722,4987204,PASS,9251,10942,5,20,4,16
XMSSMT-SHA2_20/4_256,PUB_R3,359,359,360,8472537,5181019,PASS,9251,10942,5,20,4,16
XMSSMT-SHA2_20/4_256,PUB_R3,360,360,361,10957037,5154629,PASS,9251,10942,5,20,4,16
XMSSMT-SHA2_20/4_256,PUB_R3,361,361,362,8471500,5201074,PASS,9251,10942,5,20,4,16
XMSSMT-SHA2_20/4_256,PUB_R3,362,362,363,11004018,5098741,PASS,9251,10942,5,20,4,16
XMSSMT-SHA2_20/4_256,PUB_R3,363,363,364,8498556,5171815,PASS,9251,10942,5,20,4,16
XMSSMT-SHA2_20/4_256,PUB_R3,364,364,365,8523778,5120574,PASS,9251,10942,5,20,4,16
XMSSMT-SHA2_20/4_256,PUB_R3,365,365,366,6087500,5118759,PASS,9251,10942,5,20,4,16
XMSSMT-SHA2_20/4_256,PUB_R3,366,366,367,5941445,5258463,PASS,9251,10942,5,20,4,16
XMSSMT-SHA2_20/4_256,PUB_R3,367,367,368,8564352,5103648,PASS,9251,10942,5,20,4,16
XMSSMT-SHA2_20/4_256,PUB_R3,368,368,369,11033796,5075074,PASS,9251,10942,5,20,4,16
XMSSMT-SHA2_20/4_256,PUB_R3,369,369,370,8532907,5117926,PASS,9251,10942,5,20,4,16
XMSSMT-SHA2_20/4_256,PUB_R3,370,370,371,11014593,5085834,PASS,9251,10942,5,20,4,16
XMSSMT-SHA2_20/4_256,PUB_R3,371,371,372,8363889,5278314,PASS,9251,10942,5,20,4,16
XMSSMT-SHA2_20/4_256,PUB_R3,372,372,373,8687370,4957723,PASS,9251,10942,5,20,4,16
XMSSMT-SHA2_20/4_256,PUB_R3,373,373,374,6068223,5116574,PASS,9251,10942,5,20,4,16
XMSSMT-SHA2_20/4_256,PUB_R3,374,374,375,6027463,5149759,PASS,9251,10942,5,20,4,16
XMSSMT-SHA2_20/4_256,PUB_R3,375,375,376,8564778,5083260,PASS,9251,10942,5,20,4,16
XMSSMT-SHA2_20/4_256,PUB_R3,376,376,377,8384555,5249815,PASS,9251,10942,5,20,4,16
XMSSMT-SHA2_20/4_256,PUB_R3,377,377,378,6104111,5084870,PASS,9251,10942,5,20,4,16
XMSSMT-SHA2_20/4_256,PUB_R3,378,378,379,6036759,5152000,PASS,9251,10942,5,20,4,16
XMSSMT-SHA2_20/4_256,PUB_R3,379,379,380,6107482,5085037,PASS,9251,10942,5,20,4,16
XMSSMT-SHA2_20/4_256,PUB_R3,380,380,381,6062481,5114796,PASS,9251,10942,5,20,4,16
XMSSMT-SHA2_20/4_256,PUB_R3,381,381,382,3424519,5313463,PASS,9251,10942,5,20,4,16
XMSSMT-SHA2_20/4_256,PUB_R3,382,382,383,5898518,5282148,PASS,9251,10942,5,20,4,16
XMSSMT-SHA2_20/4_256,PUB_R3,383,383,384,7122408,5184519,PASS,9251,10942,5,20,4,16
XMSSMT-SHA2_20/4_256,PUB_R3,384,384,385,10933333,5090593,PASS,9251,10942,5,20,4,16
XMSSMT-SHA2_20/4_256,PUB_R3,385,385,386,6039037,5080648,PASS,9251,10942,5,20,4,16
XMSSMT-SHA2_20/4_256,PUB_R3,386,386,387,5934000,5188982,PASS,9251,10942,5,20,4,16
XMSSMT-SHA2_20/4_256,PUB_R3,387,387,388,8605611,5008834,PASS,9251,10942,5,20,4,16
XMSSMT-SHA2_20/4_256,PUB_R3,388,388,389,8309852,5299666,PASS,9251,10942,5,20,4,16
XMSSMT-SHA2_20/4_256,PUB_R3,389,389,390,6087370,5050500,PASS,9251,10942,5,20,4,16
XMSSMT-SHA2_20/4_256,PUB_R3,390,390,391,6005278,5135889,PASS,9251,10942,5,20,4,16
XMSSMT-SHA2_20/4_256,PUB_R3,391,391,392,8529334,5061444,PASS,9251,10942,5,20,4,16
XMSSMT-SHA2_20/4_256,PUB_R3,392,392,393,10852056,5199870,PASS,9251,10942,5,20,4,16
XMSSMT-SHA2_20/4_256,PUB_R3,393,393,394,8550778,5051500,PASS,9251,10942,5,20,4,16
XMSSMT-SHA2_20/4_256,PUB_R3,394,394,395,10956815,5088555,PASS,9251,10942,5,20,4,16
XMSSMT-SHA2_20/4_256,PUB_R3,395,395,396,8597463,5024277,PASS,9251,10942,5,20,4,16
XMSSMT-SHA2_20/4_256,PUB_R3,396,396,397,8665981,4927167,PASS,9251,10942,5,20,4,16
XMSSMT-SHA2_20/4_256,PUB_R3,397,397,398,5950204,5196797,PASS,9251,10942,5,20,4,16
XMSSMT-SHA2_20/4_256,PUB_R3,398,398,399,6033963,5088963,PASS,9251,10942,5,20,4,16
XMSSMT-SHA2_20/4_256,PUB_R3,399,399,400,8554334,5049612,PASS,9251,10942,5,20,4,16
XMSSMT-SHA2_20/4_256,PUB_R3,400,400,401,11053944,4996796,PASS,9251,10942,5,20,4,16
XMSSMT-SHA2_20/4_256,PUB_R3,401,401,402,8607630,4999814,PASS,9251,10942,5,20,4,16
XMSSMT-SHA2_20/4_256,PUB_R3,402,402,403,10843037,5207129,PASS,9251,10942,5,20,4,16
XMSSMT-SHA2_20/4_256,PUB_R3,403,403,404,8600222,4992648,PASS,9251,10942,5,20,4,16
XMSSMT-SHA2_20/4_256,PUB_R3,404,404,405,8515796,5059777,PASS,9251,10942,5,20,4,16
XMSSMT-SHA2_20/4_256,PUB_R3,405,405,406,6097278,5055277,PASS,9251,10942,5,20,4,16
XMSSMT-SHA2_20/4_256,PUB_R3,406,406,407,5948908,5187203,PASS,9251,10942,5,20,4,16
XMSSMT-SHA2_20/4_256,PUB_R3,407,407,408,8533056,5067074,PASS,9251,10942,5,20,4,16
XMSSMT-SHA2_20/4_256,PUB_R3,408,408,409,8508203,5076482,PASS,9251,10942,5,20,4,16
XMSSMT-SHA2_20/4_256,PUB_R3,409,409,410,5955056,5183204,PASS,9251,10942,5,20,4,16
XMSSMT-SHA2_20/4_256,PUB_R3,410,410,411,6175926,4961278,PASS,9251,10942,5,20,4,16
XMSSMT-SHA2_20/4_256,PUB_R3,411,411,412,6044333,5099500,PASS,9251,10942,5,20,4,16
XMSSMT-SHA2_20/4_256,PUB_R3,412,412,413,6042870,5086759,PASS,9251,10942,5,20,4,16
XMSSMT-SHA2_20/4_256,PUB_R3,413,413,414,3629648,5067000,PASS,9251,10942,5,20,4,16
XMSSMT-SHA2_20/4_256,PUB_R3,414,414,415,6094741,5017611,PASS,9251,10942,5,20,4,16
XMSSMT-SHA2_20/4_256,PUB_R3,415,415,416,7141149,5023277,PASS,9251,10942,5,20,4,16
XMSSMT-SHA2_20/4_256,PUB_R3,416,416,417,6060814,5171667,PASS,9251,10942,5,20,4,16
XMSSMT-SHA2_20/4_256,PUB_R3,417,417,418,5915426,5322111,PASS,9251,10942,5,20,4,16
XMSSMT-SHA2_20/4_256,PUB_R3,418,418,419,5924519,5313629,PASS,9251,10942,5,20,4,16
XMSSMT-SHA2_20/4_256,PUB_R3,419,419,420,8372630,5324463,PASS,9251,10942,5,20,4,16
XMSSMT-SHA2_20/4_256,PUB_R3,420,420,421,8561056,5120037,PASS,9251,10942,5,20,4,16
XMSSMT-SHA2_20/4_256,PUB_R3,421,421,422,6076185,5152889,PASS,9251,10942,5,20,4,16
XMSSMT-SHA2_20/4_256,PUB_R3,422,422,423,6088926,5161796,PASS,9251,10942,5,20,4,16
XMSSMT-SHA2_20/4_256,PUB_R3,423,423,424,8582889,5119111,PASS,9251,10942,5,20,4,16
XMSSMT-SHA2_20/4_256,PUB_R3,424,424,425,10809092,5331445,PASS,9251,10942,5,20,4,16
XMSSMT-SHA2_20/4_256,PUB_R3,425,425,426,8409185,5300407,PASS,9251,10942,5,20,4,16
XMSSMT-SHA2_20/4_256,PUB_R3,426,426,427,10979315,5170611,PASS,9251,10942,5,20,4,16
XMSSMT-SHA2_20/4_256,PUB_R3,427,427,428,8364482,5327074,PASS,9251,10942,5,20,4,16
XMSSMT-SHA2_20/4_256,PUB_R3,428,428,429,8567760,5127648,PASS,9251,10942,5,20,4,16
XMSSMT-SHA2_20/4_256,PUB_R3,429,429,430,5922074,5312019,PASS,9251,10942,5,20,4,16
XMSSMT-SHA2_20/4_256,PUB_R3,430,430,431,6007592,5235611,PASS,9251,10942,5,20,4,16
XMSSMT-SHA2_20/4_256,PUB_R3,431,431,432,8568982,5144703,PASS,9251,10942,5,20,4,16
XMSSMT-SHA2_20/4_256,PUB_R3,432,432,433,10972056,5171204,PASS,9251,10942,5,20,4,16
XMSSMT-SHA2_20/4_256,PUB_R3,433,433,434,8599908,5116500,PASS,9251,10942,5,20,4,16
XMSSMT-SHA2_20/4_256,PUB_R3,434,434,435,11052926,5084445,PASS,9251,10942,5,20,4,16
XMSSMT-SHA2_20/4_256,PUB_R3,435,435,436,8578074,5123259,PASS,9251,10942,5,20,4,16
XMSSMT-SHA2_20/4_256,PUB_R3,436,436,437,8506445,5187741,PASS,9251,10942,5,20,4,16
XMSSMT-SHA2_20/4_256,PUB_R3,437,437,438,6010463,5237092,PASS,9251,10942,5,20,4,16
XMSSMT-SHA2_20/4_256,PUB_R3,438,438,439,5906815,5315889,PASS,9251,10942,5,20,4,16
XMSSMT-SHA2_20/4_256,PUB_R3,439,439,440,8479314,5218241,PASS,9251,10942,5,20,4,16
XMSSMT-SHA2_20/4_256,PUB_R3,440,440,441,8564778,5125778,PASS,9251,10942,5,20,4,16
XMSSMT-SHA2_20/4_256,PUB_R3,441,441,442,5949685,5301241,PASS,9251,10942,5,20,4,16
XMSSMT-SHA2_20/4_256,PUB_R3,442,442,443,5941463,5276389,PASS,9251,10942,5,20,4,16
XMSSMT-SHA2_20/4_256,PUB_R3,443,443,444,6030703,5219037,PASS,9251,10942,5,20,4,16
XMSSMT-SHA2_20/4_256,PUB_R3,444,444,445,6094370,5143037,PASS,9251,10942,5,20,4,16
XMSSMT-SHA2_20/4_256,PUB_R3,445,445,446,3598870,5185778,PASS,9251,10942,5,20,4,16
XMSSMT-SHA2_20/4_256,PUB_R3,446,446,447,6041611,5203371,PASS,9251,10942,5,20,4,16
XMSSMT-SHA2_20/4_256,PUB_R3,447,447,448,7061241,5336112,PASS,9251,10942,5,20,4,16
XMSSMT-SHA2_20/4_256,PUB_R3,448,448,449,6209148,4888833,PASS,9251,10942,5,20,4,16
XMSSMT-SHA2_20/4_256,PUB_R3,449,449,450,5951278,5187796,PASS,9251,10942,5,20,4,16
XMSSMT-SHA2_20/4_256,PUB_R3,450,450,451,6096352,4983574,PASS,9251,10942,5,20,4,16
XMSSMT-SHA2_20/4_256,PUB_R3,451,451,452,8455500,5086574,PASS,9251,10942,5,20,4,16
XMSSMT-SHA2_20/4_256,PUB_R3,452,452,453,8385407,5146149,PASS,9251,10942,5,20,4,16
XMSSMT-SHA2_20/4_256,PUB_R3,453,453,454,5934500,5145797,PASS,9251,10942,5,20,4,16
XMSSMT-SHA2_20/4_256,PUB_R3,454,454,455,6061759,5018241,PASS,9251,10942,5,20,4,16
XMSSMT-SHA2_20/4_256,PUB_R3,455,455,456,8563833,4987556,PASS,9251,10942,5,20,4,16
XMSSMT-SHA2_20/4_256,PUB_R3,456,456,457,10930537,5065703,PASS,9251,10942,5,20,4,16
XMSSMT-SHA2_20/4_256,PUB_R3,457,457,458,8595630,4950593,PASS,9251,10942,5,20,4,16
XMSSMT-SHA2_20/4_256,PUB_R3,458,458,459,10923814,5052074,PASS,9251,10942,5,20,4,16
XMSSMT-SHA2_20/4_256,PUB_R3,459,459,460,8492889,5053370,PASS,9251,10942,5,20,4,16
XMSSMT-SHA2_20/4_256,PUB_R3,460,460,461,8512055,5015037,PASS,9251,10942,5,20,4,16
XMSSMT-SHA2_20/4_256,PUB_R3,461,461,462,6004074,5079870,PASS,9251,10942,5,20,4,16
XMSSMT-SHA2_20/4_256,PUB_R3,462,462,463,6125185,4947704,PASS,9251,10942,5,20,4,16
XMSSMT-SHA2_20/4_256,PUB_R3,463,463,464,8661278,4884333,PASS,9251,10942,5,20,4,16
XMSSMT-SHA2_20/4_256,PUB_R3,464,464,465,10920277,5058555,PASS,9251,10942,5,20,4,16
XMSSMT-SHA2_20/4_256,PUB_R3,465,465,466,8611537,4963888,PASS,9251,10942,5,20,4,16
XMSSMT-SHA2_20/4_256,PUB_R3,466,466,467,10951630,5058833,PASS,9251,10942,5,20,4,16
XMSSMT-SHA2_20/4_256,PUB_R3,467,467,468,8599315,4959574,PASS,9251,10942,5,20,4,16
XMSSMT-SHA2_20/4_256,PUB_R3,468,468,469,8365278,5183870,PASS,9251,10942,5,20,4,16
XMSSMT-SHA2_20/4_256,PUB_R3,469,469,470,5954611,5151314,PASS,9251,10942,5,20,4,16
XMSSMT-SHA2_20/4_256,PUB_R3,470,470,471,6107648,4996926,PASS,9251,10942,5,20,4,16
XMSSMT-SHA2_20/4_256,PUB_R3,471,471,472,8580833,4987574,PASS,9251,10942,5,20,4,16
XMSSMT-SHA2_20/4_256,PUB_R3,472,472,473,8407666,5158870,PASS,9251,10942,5,20,4,16
XMSSMT-SHA2_20/4_256,PUB_R3,473,473,474,6024500,5101648,PASS,9251,10942,5,20,4,16
XMSSMT-SHA2_20/4_256,PUB_R3,474,474,475,6001463,5095148,PASS,9251,10942,5,20,4,16
XMSSMT-SHA2_20/4_256,PUB_R3,475,475,476,6220037,4886407,PASS,9251,10942,5,20,4,16
XMSSMT-SHA2_20/4_256,PUB_R3,476,476,477,6065111,5033982,PASS,9251,10942,5,20,4,16
XMSSMT-SHA2_20/4_256,PUB_R3,477,477,478,3560259,5093500,PASS,9251,10942,5,20,4,16
XMSSMT-SHA2_20/4_256,PUB_R3,478,478,479,6109260,4989500,PASS,9251,10942,5,20,4,16
XMSSMT-SHA2_20/4_256,PUB_R3,479,479,480,7254907,5105982,PASS,9251,10942,5,20,4,16
XMSSMT-SHA2_20/4_256,PUB_R3,480,480,481,6097185,4889889,PASS,9251,10942,5,20,4,16
XMSSMT-SHA2_20/4_256,PUB_R3,481,481,482,6039260,4987185,PASS,9251,10942,5,20,4,16
XMSSMT-SHA2_20/4_256,PUB_R3,482,482,483,6099963,4905278,PASS,9251,10942,5,20,4,16
XMSSMT-SHA2_20/4_256,PUB_R3,483,483,484,8498611,4968315,PASS,9251,10942,5,20,4,16
XMSSMT-SHA2_20/4_256,PUB_R3,484,484,485,8364093,5090815,PASS,9251,10942,5,20,4,16
XMSSMT-SHA2_20/4_256,PUB_R3,485,485,486,6029444,4990481,PASS,9251,10942,5,20,4,16
XMSSMT-SHA2_20/4_256,PUB_R3,486,486,487,6001315,5007167,PASS,9251,10942,5,20,4,16
XMSSMT-SHA2_20/4_256,PUB_R3,487,487,488,8400537,5058129,PASS,9251,10942,5,20,4,16
XMSSMT-SHA2_20/4_256,PUB_R3,488,488,489,10984351,4924037,PASS,9251,10942,5,20,4,16
XMSSMT-SHA2_20/4_256,PUB_R3,489,489,490,8545259,4918759,PASS,9251,10942,5,20,4,16
XMSSMT-SHA2_20/4_256,PUB_R3,490,490,491,10821686,5088018,PASS,9251,10942,5,20,4,16
XMSSMT-SHA2_20/4_256,PUB_R3,491,491,492,8609574,4857667,PASS,9251,10942,5,20,4,16
XMSSMT-SHA2_20/4_256,PUB_R3,492,492,493,8455222,4999944,PASS,9251,10942,5,20,4,16
XMSSMT-SHA2_20/4_256,PUB_R3,493,493,494,6044371,4955685,PASS,9251,10942,5,20,4,16
XMSSMT-SHA2_20/4_256,PUB_R3,494,494,495,6053574,4952278,PASS,9251,10942,5,20,4,16
XMSSMT-SHA2_20/4_256,PUB_R3,495,495,496,8585666,4892537,PASS,9251,10942,5,20,4,16
XMSSMT-SHA2_20/4_256,PUB_R3,496,496,497,10850260,5049223,PASS,9251,10942,5,20,4,16
XMSSMT-SHA2_20/4_256,PUB_R3,497,497,498,8478296,4993704,PASS,9251,10942,5,20,4,16
XMSSMT-SHA2_20/4_256,PUB_R3,498,498,499,11002703,4895389,PASS,9251,10942,5,20,4,16
XMSSMT-SHA2_20/4_256,PUB_R3,499,499,500,8601963,4865518,PASS,9251,10942,5,20,4,16
XMSSMT-SHA2_20/4_256,PUB_R3,500,500,501,8409759,5049277,PASS,9251,10942,5,20,4,16
XMSSMT-SHA2_20/4_256,PUB_R3,501,501,502,6034612,4986111,PASS,9251,10942,5,20,4,16
XMSSMT-SHA2_20/4_256,PUB_R3,502,502,503,5935037,5069685,PASS,9251,10942,5,20,4,16
XMSSMT-SHA2_20/4_256,PUB_R3,503,503,504,8498186,4958611,PASS,9251,10942,5,20,4,16
XMSSMT-SHA2_20/4_256,PUB_R3,504,504,505,8574000,4885185,PASS,9251,10942,5,20,4,16
XMSSMT-SHA2_20/4_256,PUB_R3,505,505,506,6116574,4902185,PASS,9251,10942,5,20,4,16
XMSSMT-SHA2_20/4_256,PUB_R3,506,506,507,6034389,4960814,PASS,9251,10942,5,20,4,16
XMSSMT-SHA2_20/4_256,PUB_R3,507,507,508,6091055,4920815,PASS,9251,10942,5,20,4,16
XMSSMT-SHA2_20/4_256,PUB_R3,508,508,509,6115500,4891037,PASS,9251,10942,5,20,4,16
XMSSMT-SHA2_20/4_256,PUB_R3,509,509,510,3466815,5089777,PASS,9251,10942,5,20,4,16
XMSSMT-SHA2_20/4_256,PUB_R3,510,510,511,6012889,4991278,PASS,9251,10942,5,20,4,16
XMSSMT-SHA2_20/4_256,PUB_R3,511,511,512,7223037,4941222,PASS,9251,10942,5,20,4,16
XMSSMT-SHA2_20/4_256,PUB_R3,512,512,513,10936648,5067778,PASS,9251,10942,5,20,4,16
XMSSMT-SHA2_20/4_256,PUB_R3,513,513,514,8461981,5100648,PASS,9251,10942,5,20,4,16
XMSSMT-SHA2_20/4_256,PUB_R3,514,514,515,10824982,5246037,PASS,9251,10942,5,20,4,16
XMSSMT-SHA2_20/4_256,PUB_R3,515,515,516,8640908,4927500,PASS,9251,10942,5,20,4,16
XMSSMT-SHA2_20/4_256,PUB_R3,516,516,517,10957074,5062462,PASS,9251,10942,5,20,4,16
XMSSMT-SHA2_20/4_256,PUB_R3,517,517,518,6062463,5052704,PASS,9251,10942,5,20,4,16
XMSSMT-SHA2_20/4_256,PUB_R3,518,518,519,6031130,5067278,PASS,9251,10942,5,20,4,16
XMSSMT-SHA2_20/4_256,PUB_R3,519,519,520,8636574,4931129,PASS,9251,10942,5,20,4,16
XMSSMT-SHA2_20/4_256,PUB_R3,520,520,521,11018370,4988111,PASS,9251,10942,5,20,4,16
XMSSMT-SHA2_20/4_256,PUB_R3,521,521,522,8416611,5147945,PASS,9251,10942,5,20,4,16
XMSSMT-SHA2_20/4_256,PUB_R3,522,522,523,10953148,5059426,PASS,9251,10942,5,20,4,16
XMSSMT-SHA2_20/4_256,PUB_R3,523,523,524,8614278,4956389,PASS,9251,10942,5,20,4,16
XMSSMT-SHA2_20/4_256,PUB_R3,524,524,525,8518555,5034833,PASS,9251,10942,5,20,4,16
XMSSMT-SHA2_20/4_256,PUB_R3,525,525,526,6008000,5089907,PASS,9251,10942,5,20,4,16
XMSSMT-SHA2_20/4_256,PUB_R3,526,526,527,6183981,4918000,PASS,9251,10942,5,20,4,16
XMSSMT-SHA2_20/4_256,PUB_R3,527,527,528,8520889,5063500,PASS,9251,10942,5,20,4,16
XMSSMT-SHA2_20/4_256,PUB_R3,528,528,529,10965389,5023889,PASS,9251,10942,5,20,4,16
XMSSMT-SHA2_20/4_256,PUB_R3,529,529,530,8391333,5147871,PASS,9251,10942,5,20,4,16
XMSSMT-SHA2_20/4_256,PUB_R3,530,530,531,10928870,5052315,PASS,9251,10942,5,20,4,16
XMSSMT-SHA2_20/4_256,PUB_R3,531,531,532,8527944,5020222,PASS,9251,10942,5,20,4,16
XMSSMT-SHA2_20/4_256,PUB_R3,532,532,533,8392870,5150408,PASS,9251,10942,5,20,4,16
XMSSMT-SHA2_20/4_256,PUB_R3,533,533,534,6142352,4956352,PASS,9251,10942,5,20,4,16
XMSSMT-SHA2_20/4_256,PUB_R3,534,534,535,6158982,4921592,PASS,9251,10942,5,20,4,16
XMSSMT-SHA2_20/4_256,PUB_R3,535,535,536,8463000,5089611,PASS,9251,10942,5,20,4,16
XMSSMT-SHA2_20/4_256,PUB_R3,536,536,537,8445741,5086074,PASS,9251,10942,5,20,4,16
XMSSMT-SHA2_20/4_256,PUB_R3,537,537,538,6142907,4951648,PASS,9251,10942,5,20,4,16
XMSSMT-SHA2_20/4_256,PUB_R3,538,538,539,6022629,5049778,PASS,9251,10942,5,20,4,16
XMSSMT-SHA2_20/4_256,PUB_R3,539,539,540,6139334,4951074,PASS,9251,10942,5,20,4,16
XMSSMT-SHA2_20/4_256,PUB_R3,540,540,541,5999149,5081314,PASS,9251,10942,5,20,4,16
XMSSMT-SHA2_20/4_256,PUB_R3,541,541,542,3462481,5184723,PASS,9251,10942,5,20,4,16
XMSSMT-SHA2_20/4_256,PUB_R3,542,542,543,6064815,5016444,PASS,9251,10942,5,20,4,16
XMSSMT-SHA2_20/4_256,PUB_R3,543,543,544,7188000,4963537,PASS,9251,10942,5,20,4,16
XMSSMT-SHA2_20/4_256,PUB_R3,544,544,545,6041981,5158204,PASS,9251,10942,5,20,4,16
XMSSMT-SHA2_20/4_256,PUB_R3,545,545,546,6058870,5152611,PASS,9251,10942,5,20,4,16
XMSSMT-SHA2_20/4_256,PUB_R3,546,546,547,5908167,5307111,PASS,9251,10942,5,20,4,16
XMSSMT-SHA2_20/4_256,PUB_R3,547,547,548,8602000,5068018,PASS,9251,10942,5,20,4,16
XMSSMT-SHA2_20/4_256,PUB_R3,548,548,549,8554926,5086592,PASS,9251,10942,5,20,4,16
XMSSMT-SHA2_20/4_256,PUB_R3,549,549,550,6040389,5183000,PASS,9251,10942,5,20,4,16
XMSSMT-SHA2_20/4_256,PUB_R3,550,550,551,6069907,5133092,PASS,9251,10942,5,20,4,16
XMSSMT-SHA2_20/4_256,PUB_R3,551,551,552,8402611,5257685,PASS,9251,10942,5,20,4,16
XMSSMT-SHA2_20/4_256,PUB_R3,552,552,553,11023259,5093315,PASS,9251,10942,5,20,4,16
XMSSMT-SHA2_20/4_256,PUB_R3,553,553,554,8499000,5196296,PASS,9251,10942,5,20,4,16
XMSSMT-SHA2_20/4_256,PUB_R3,554,554,555,11003704,5086019,PASS,9251,10942,5,20,4,16
XMSSMT-SHA2_20/4_256,PUB_R3,555,555,556,8412000,5247556,PASS,9251,10942,5,20,4,16
XMSSMT-SHA2_20/4_256,PUB_R3,556,556,557,8557851,5089871,PASS,9251,10942,5,20,4,16
XMSSMT-SHA2_20/4_256,PUB_R3,557,557,558,6086055,5139037,PASS,9251,10942,5,20,4,16
XMSSMT-SHA2_20/4_256,PUB_R3,558,558,559,6068796,5119037,PASS,9251,10942,5,20,4,16
XMSSMT-SHA2_20/4_256,PUB_R3,559,559,560,8332481,5350352,PASS,9251,10942,5,20,4,16
XMSSMT-SHA2_20/4_256,PUB_R3,560,560,561,11019741,5088130,PASS,9251,10942,5,20,4,16
XMSSMT-SHA2_20/4_256,PUB_R3,561,561,562,8511185,5156019,PASS,9251,10942,5,20,4,16
XMSSMT-SHA2_20/4_256,PUB_R3,562,562,563,10982019,5122129,PASS,9251,10942,5,20,4,16
XMSSMT-SHA2_20/4_256,PUB_R3,563,563,564,8336907,5336315,PASS,9251,10942,5,20,4,16
XMSSMT-SHA2_20/4_256,PUB_R3,564,564,565,8549667,5102759,PASS,9251,10942,5,20,4,16
XMSSMT-SHA2_20/4_256,PUB_R3,565,565,566,6078148,5115907,PASS,9251,10942,5,20,4,16
XMSSMT-SHA2_20/4_256,PUB_R3,566,566,567,6083389,5125167,PASS,9251,10942,5,20,4,16
XMSSMT-SHA2_20/4_256,PUB_R3,567,567,568,8582963,5083926,PASS,9251,10942,5,20,4,16
XMSSMT-SHA2_20/4_256,PUB_R3,568,568,569,8449370,5199704,PASS,9251,10942,5,20,4,16
XMSSMT-SHA2_20/4_256,PUB_R3,569,569,570,5915222,5278148,PASS,9251,10942,5,20,4,16
XMSSMT-SHA2_20/4_256,PUB_R3,570,570,571,6177611,5016723,PASS,9251,10942,5,20,4,16
XMSSMT-SHA2_20/4_256,PUB_R3,571,571,572,5921407,5298667,PASS,9251,10942,5,20,4,16
XMSSMT-SHA2_20/4_256,PUB_R3,572,572,573,6095000,5080296,PASS,9251,10942,5,20,4,16
XMSSMT-SHA2_20/4_256,PUB_R3,573,573,574,3513407,5256352,PASS,9251,10942,5,20,4,16
XMSSMT-SHA2_20/4_256,PUB_R3,574,574,575,6095370,5097241,PASS,9251,10942,5,20,4,16
XMSSMT-SHA2_20/4_256,PUB_R3,575,575,576,7198722,5149186,PASS,9251,10942,5,20,4,16
XMSSMT-SHA2_20/4_256,PUB_R3,576,576,577,6083611,5034537,PASS,9251,10942,5,20,4,16
XMSSMT-SHA2_20/4_256,PUB_R3,577,577,578,6008092,5095686,PASS,9251,10942,5,20,4,16
XMSSMT-SHA2_20/4_256,PUB_R3,578,578,579,6074519,5016000,PASS,9251,10942,5,20,4,16
XMSSMT-SHA2_20/4_256,PUB_R3,579,579,580,8644926,4938315,PASS,9251,10942,5,20,4,16
XMSSMT-SHA2_20/4_256,PUB_R3,580,580,581,8408371,5158611,PASS,9251,10942,5,20,4,16
XMSSMT-SHA2_20/4_256,PUB_R3,581,581,582,5943574,5167815,PASS,9251,10942,5,20,4,16
XMSSMT-SHA2_20/4_256,PUB_R3,582,582,583,6238556,4856704,PASS,9251,10942,5,20,4,16
XMSSMT-SHA2_20/4_256,PUB_R3,583,583,584,8385648,5187852,PASS,9251,10942,5,20,4,16
XMSSMT-SHA2_20/4_256,PUB_R3,584,584,585,11072852,4922777,PASS,9251,10942,5,20,4,16
XMSSMT-SHA2_20/4_256,PUB_R3,585,585,586,8502555,5057778,PASS,9251,10942,5,20,4,16
XMSSMT-SHA2_20/4_256,PUB_R3,586,586,587,11006760,5008259,PASS,9251,10942,5,20,4,16
XMSSMT-SHA2_20/4_256,PUB_R3,587,587,588,8568963,5015370,PASS,9251,10942,5,20,4,16
XMSSMT-SHA2_20/4_256,PUB_R3,588,588,589,8519981,5022760,PASS,9251,10942,5,20,4,16
XMSSMT-SHA2_20/4_256,PUB_R3,589,589,590,6161796,4953093,PASS,9251,10942,5,20,4,16
XMSSMT-SHA2_20/4_256,PUB_R3,590,590,591,5841074,5265611,PASS,9251,10942,5,20,4,16
XMSSMT-SHA2_20/4_256,PUB_R3,591,591,592,8565833,5004463,PASS,9251,10942,5,20,4,16
XMSSMT-SHA2_20/4_256,PUB_R3,592,592,593,10938703,5100148,PASS,9251,10942,5,20,4,16
XMSSMT-SHA2_20/4_256,PUB_R3,593,593,594,8634537,4915723,PASS,9251,10942,5,20,4,16
XMSSMT-SHA2_20/4_256,PUB_R3,594,594,595,10953296,5060666,PASS,9251,10942,5,20,4,16
XMSSMT-SHA2_20/4_256,PUB_R3,595,595,596,8515981,5053019,PASS,9251,10942,5,20,4,16
XMSSMT-SHA2_20/4_256,PUB_R3,596,596,597,8533463,5027241,PASS,9251,10942,5,20,4,16
XMSSMT-SHA2_20/4_256,PUB_R3,597,597,598,6046278,5073185,PASS,9251,10942,5,20,4,16
XMSSMT-SHA2_20/4_256,PUB_R3,598,598,599,6007093,5085555,PASS,9251,10942,5,20,4,16
XMSSMT-SHA2_20/4_256,PUB_R3,599,599,600,8412686,5152518,PASS,9251,10942,5,20,4,16
XMSSMT-SHA2_20/4_256,PUB_R3,600,600,601,8598056,4965593,PASS,9251,10942,5,20,4,16
XMSSMT-SHA2_20/4_256,PUB_R3,601,601,602,5915870,5188130,PASS,9251,10942,5,20,4,16
XMSSMT-SHA2_20/4_256,PUB_R3,602,602,603,5920500,5185574,PASS,9251,10942,5,20,4,16
XMSSMT-SHA2_20/4_256,PUB_R3,603,603,604,6063907,5060667,PASS,9251,10942,5,20,4,16
XMSSMT-SHA2_20/4_256,PUB_R3,604,604,605,6135018,4975981,PASS,9251,10942,5,20,4,16
XMSSMT-SHA2_20/4_256,PUB_R3,605,605,606,3442000,5211870,PASS,9251,10942,5,20,4,16
XMSSMT-SHA2_20/4_256,PUB_R3,606,606,607,6001963,5099796,PASS,9251,10942,5,20,4,16
XMSSMT-SHA2_20/4_256,PUB_R3,607,607,608,7121352,5092148,PASS,9251,10942,5,20,4,16
XMSSMT-SHA2_20/4_256,PUB_R3,608,608,609,5901574,5214037,PASS,9251,10942,5,20,4,16
XMSSMT-SHA2_20/4_256,PUB_R3,609,609,610,6103778,5016648,PASS,9251,10942,5,20,4,16
XMSSMT-SHA2_20/4_256,PUB_R3,610,610,611,5903389,5215333,PASS,9251,10942,5,20,4,16
XMSSMT-SHA2_20/4_256,PUB_R3,611,611,612,8491167,5084908,PASS,9251,10942,5,20,4,16
XMSSMT-SHA2_20/4_256,PUB_R3,612,612,613,8487648,5083815,PASS,9251,10942,5,20,4,16
XMSSMT-SHA2_20/4_256,PUB_R3,613,613,614,6039778,5087129,PASS,9251,10942,5,20,4,16
XMSSMT-SHA2_20/4_256,PUB_R3,614,614,615,5933649,5181203,PASS,9251,10942,5,20,4,16
XMSSMT-SHA2_20/4_256,PUB_R3,615,615,616,8405685,5269833,PASS,9251,10942,5,20,4,16
XMSSMT-SHA2_20/4_256,PUB_R3,616,616,617,10912667,5113352,PASS,9251,10942,5,20,4,16
XMSSMT-SHA2_20/4_256,PUB_R3,617,617,618,8490945,5084814,PASS,9251,10942,5,20,4,16
XMSSMT-SHA2_20/4_256,PUB_R3,618,618,619,10891204,5112204,PASS,9251,10942,5,20,4,16
XMSSMT-SHA2_20/4_256,PUB_R3,619,619,620,8549500,5014203,PASS,9251,10942,5,20,4,16
XMSSMT-SHA2_20/4_256,PUB_R3,620,620,621,8507555,5048852,PASS,9251,10942,5,20,4,16
XMSSMT-SHA2_20/4_256,PUB_R3,621,621,622,6002704,5107889,PASS,9251,10942,5,20,4,16
XMSSMT-SHA2_20/4_256,PUB_R3,622,622,623,6071519,5058352,PASS,9251,10942,5,20,4,16
XMSSMT-SHA2_20/4_256,PUB_R3,623,623,624,8576426,5033407,PASS,9251,10942,5,20,4,16
XMSSMT-SHA2_20/4_256,PUB_R3,624,624,625,10842444,5186426,PASS,9251,10942,5,20,4,16
XMSSMT-SHA2_20/4_256,PUB_R3,625,625,626,8620666,4957777,PASS,9251,10942,5,20,4,16
XMSSMT-SHA2_20/4_256,PUB_R3,626,626,627,10925314,5120686,PASS,9251,10942,5,20,4,16
XMSSMT-SHA2_20/4_256,PUB_R3,627,627,628,8612074,4983204,PASS,9251,10942,5,20,4,16
XMSSMT-SHA2_20/4_256,PUB_R3,628,628,629,8494833,5085000,PASS,9251,10942,5,20,4,16
XMSSMT-SHA2_20/4_256,PUB_R3,629,629,630,6104074,5031667,PASS,9251,10942,5,20,4,16
XMSSMT-SHA2_20/4_256,PUB_R3,630,630,631,6065574,5055167,PASS,9251,10942,5,20,4,16
XMSSMT-SHA2_20/4_256,PUB_R3,631,631,632,8513611,5081370,PASS,9251,10942,5,20,4,16
XMSSMT-SHA2_20/4_256,PUB_R3,632,632,633,8565500,5021037,PASS,9251,10942,5,20,4,16
XMSSMT-SHA2_20/4_256,PUB_R3,633,633,634,6213963,4933259,PASS,9251,10942,5,20,4,16
XMSSMT-SHA2_20/4_256,PUB_R3,634,634,635,6066426,5052500,PASS,9251,10942,5,20,4,16
XMSSMT-SHA2_20/4_256,PUB_R3,635,635,636,5969333,5181852,PASS,9251,10942,5,20,4,16
XMSSMT-SHA2_20/4_256,PUB_R3,636,636,637,5995981,5135518,PASS,9251,10942,5,20,4,16
XMSSMT-SHA2_20/4_256,PUB_R3,637,637,638,3657963,5019018,PASS,9251,10942,5,20,4,16
XMSSMT-SHA2_20/4_256,PUB_R3,638,638,639,6176278,4957185,PASS,9251,10942,5,20,4,16
XMSSMT-SHA2_20/4_256,PUB_R3,639,639,640,7184555,5065130,PASS,9251,10942,5,20,4,16
XMSSMT-SHA2_20/4_256,PUB_R3,640,640,641,10941203,5094982,PASS,9251,10942,5,20,4,16
XMSSMT-SHA2_20/4_256,PUB_R3,641,641,642,6042092,5082611,PASS,9251,10942,5,20,4,16
XMSSMT-SHA2_20/4_256,PUB_R3,642,642,643,6039148,5084185,PASS,9251,10942,5,20,4,16
XMSSMT-SHA2_20/4_256,PUB_R3,643,643,644,8543500,5064315,PASS,9251,10942,5,20,4,16
XMSSMT-SHA2_20/4_256,PUB_R3,644,644,645,8547222,5042426,PASS,9251,10942,5,20,4,16
XMSSMT-SHA2_20/4_256,PUB_R3,645,645,646,6239111,4881778,PASS,9251,10942,5,20,4,16
XMSSMT-SHA2_20/4_256,PUB_R3,646,646,647,6014482,5124555,PASS,9251,10942,5,20,4,16
XMSSMT-SHA2_20/4_256,PUB_R3,647,647,648,8466296,5114389,PASS,9251,10942,5,20,4,16
XMSSMT-SHA2_20/4_256,PUB_R3,648,648,649,10996500,5019000,PASS,9251,10942,5,20,4,16
XMSSMT-SHA2_20/4_256,PUB_R3,649,649,650,8295574,5286629,PASS,9251,10942,5,20,4,16
XMSSMT-SHA2_20/4_256,PUB_R3,650,650,651,10988500,5056037,PASS,9251,10942,5,20,4,16
XMSSMT-SHA2_20/4_256,PUB_R3,651,651,652,8574852,5016426,PASS,9251,10942,5,20,4,16
XMSSMT-SHA2_20/4_256,PUB_R3,652,652,653,8498260,5086833,PASS,9251,10942,5,20,4,16
XMSSMT-SHA2_20/4_256,PUB_R3,653,653,654,6125259,5022981,PASS,9251,10942,5,20,4,16
XMSSMT-SHA2_20/4_256,PUB_R3,654,654,655,6030075,5095445,PASS,9251,10942,5,20,4,16
XMSSMT-SHA2_20/4_256,PUB_R3,655,655,656,8563963,5013741,PASS,9251,10942,5,20,4,16
XMSSMT-SHA2_20/4_256,PUB_R3,656,656,657,11050130,4984852,PASS,9251,10942,5,20,4,16
XMSSMT-SHA2_20/4_256,PUB_R3,657,657,658,8529981,5054278,PASS,9251,10942,5,20,4,16
XMSSMT-SHA2_20/4_256,PUB_R3,658,658,659,10780130,5251759,PASS,9251,10942,5,20,4,16
XMSSMT-SHA2_20/4_256,PUB_R3,659,659,660,8467055,5116111,PASS,9251,10942,5,20,4,16
XMSSMT-SHA2_20/4_256,PUB_R3,660,660,661,8486426,5100612,PASS,9251,10942,5,20,4,16
XMSSMT-SHA2_20/4_256,PUB_R3,661,661,662,6009407,5112482,PASS,9251,10942,5,20,4,16
XMSSMT-SHA2_20/4_256,PUB_R3,662,662,663,6141722,4984481,PASS,9251,10942,5,20,4,16
XMSSMT-SHA2_20/4_256,PUB_R3,663,663,664,8575148,5024167,PASS,9251,10942,5,20,4,16
XMSSMT-SHA2_20/4_256,PUB_R3,664,664,665,8458759,5126259,PASS,9251,10942,5,20,4,16
XMSSMT-SHA2_20/4_256,PUB_R3,665,665,666,6105444,5019500,PASS,9251,10942,5,20,4,16
XMSSMT-SHA2_20/4_256,PUB_R3,666,666,667,6115185,5018408,PASS,9251,10942,5,20,4,16
XMSSMT-SHA2_20/4_256,PUB_R3,667,667,668,6172555,4960593,PASS,9251,10942,5,20,4,16
XMSSMT-SHA2_20/4_256,PUB_R3,668,668,669,6057908,5082019,PASS,9251,10942,5,20,4,16
XMSSMT-SHA2_20/4_256,PUB_R3,669,669,670,3642889,5050500,PASS,9251,10942,5,20,4,16
XMSSMT-SHA2_20/4_256,PUB_R3,670,670,671,6028815,5144778,PASS,9251,10942,5,20,4,16
XMSSMT-SHA2_20/4_256,PUB_R3,671,671,672,7187148,5243037,PASS,9251,10942,5,20,4,16
XMSSMT-SHA2_20/4_256,PUB_R3,672,672,673,5885482,5050870,PASS,9251,10942,5,20,4,16
XMSSMT-SHA2_20/4_256,PUB_R3,673,673,674,5942463,5002741,PASS,9251,10942,5,20,4,16
XMSSMT-SHA2_20/4_256,PUB_R3,674,674,675,6102796,4820556,PASS,9251,10942,5,20,4,16
XMSSMT-SHA2_20/4_256,PUB_R3,675,675,676,8592778,4787611,PASS,9251,10942,5,20,4,16
XMSSMT-SHA2_20/4_256,PUB_R3,676,676,677,8470111,4921260,PASS,9251,10942,5,20,4,16
XMSSMT-SHA2_20/4_256,PUB_R3,677,677,678,5870870,5062981,PASS,9251,10942,5,20,4,16
XMSSMT-SHA2_20/4_256,PUB_R3,678,678,679,6036760,4886074,PASS,9251,10942,5,20,4,16
XMSSMT-SHA2_20/4_256,PUB_R3,679,679,680,8405056,4986370,PASS,9251,10942,5,20,4,16
XMSSMT-SHA2_20/4_256,PUB_R3,680,680,681,10937593,4893778,PASS,9251,10942,5,20,4,16
XMSSMT-SHA2_20/4_256,PUB_R3,681,681,682,8400185,4996797,PASS,9251,10942,5,20,4,16
XMSSMT-SHA2_20/4_256,PUB_R3,682,682,683,10803537,5030500,PASS,9251,10942,5,20,4,16
XMSSMT-SHA2_20/4_256,PUB_R3,683,683,684,8394649,4987185,PASS,9251,10942,5,20,4,16
XMSSMT-SHA2_20/4_256,PUB_R3,684,684,685,8637612,4751814,PASS,9251,10942,5,20,4,16
XMSSMT-SHA2_20/4_256,PUB_R3,685,685,686,6020055,4922426,PASS,9251,10942,5,20,4,16
XMSSMT-SHA2_20/4_256,PUB_R3,686,686,687,6095407,4821740,PASS,9251,10942,5,20,4,16
XMSSMT-SHA2_20/4_256,PUB_R3,687,687,688,8390574,4984685,PASS,9251,10942,5,20,4,16
XMSSMT-SHA2_20/4_256,PUB_R3,688,688,689,11052463,4756185,PASS,9251,10942,5,20,4,16
XMSSMT-SHA2_20/4_256,PUB_R3,689,689,690,8454481,4920056,PASS,9251,10942,5,20,4,16
XMSSMT-SHA2_20/4_256,PUB_R3,690,690,691,10829352,4982649,PASS,9251,10942,5,20,4,16
XMSSMT-SHA2_20/4_256,PUB_R3,691,691,692,8714148,4652778,PASS,9251,10942,5,20,4,16
XMSSMT-SHA2_20/4_256,PUB_R3,692,692,693,8550129,4825352,PASS,9251,10942,5,20,4,16
XMSSMT-SHA2_20/4_256,PUB_R3,693,693,694,6200611,4717278,PASS,9251,10942,5,20,4,16
XMSSMT-SHA2_20/4_256,PUB_R3,694,694,695,6029111,4885148,PASS,9251,10942,5,20,4,16
XMSSMT-SHA2_20/4_256,PUB_R3,695,695,696,8493852,4930963,PASS,9251,10942,5,20,4,16
XMSSMT-SHA2_20/4_256,PUB_R3,696,696,697,8354648,5019463,PASS,9251,10942,5,20,4,16
XMSSMT-SHA2_20/4_256,PUB_R3,697,697,698,6038760,4887703,PASS,9251,10942,5,20,4,16
XMSSMT-SHA2_20/4_256,PUB_R3,698,698,699,5926871,4980129,PASS,9251,10942,5,20,4,16
XMSSMT-SHA2_20/4_256,PUB_R3,699,699,700,5916259,5019611,PASS,9251,10942,5,20,4,16
XMSSMT-SHA2_20/4_256,PUB_R3,700,700,701,6054351,4848686,PASS,9251,10942,5,20,4,16
XMSSMT-SHA2_20/4_256,PUB_R3,701,701,702,3690685,4798093,PASS,9251,10942,5,20,4,16
XMSSMT-SHA2_20/4_256,PUB_R3,702,702,703,5933666,4984704,PASS,9251,10942,5,20,4,16
XMSSMT-SHA2_20/4_256,PUB_R3,703,703,704,7147167,4759167,PASS,9251,10942,5,20,4,16
XMSSMT-SHA2_20/4_256,PUB_R3,704,704,705,6175630,5121259,PASS,9251,10942,5,20,4,16
XMSSMT-SHA2_20/4_256,PUB_R3,705,705,706,6173482,5120574,PASS,9251,10942,5,20,4,16
XMSSMT-SHA2_20/4_256,PUB_R3,706,706,707,5893871,5411556,PASS,9251,10942,5,20,4,16
XMSSMT-SHA2_20/4_256,PUB_R3,707,707,708,8458834,5286704,PASS,9251,10942,5,20,4,16
XMSSMT-SHA2_20/4_256,PUB_R3,708,708,709,8691870,5063389,PASS,9251,10942,5,20,4,16
XMSSMT-SHA2_20/4_256,PUB_R3,709,709,710,6010833,5282833,PASS,9251,10942,5,20,4,16
XMSSMT-SHA2_20/4_256,PUB_R3,710,710,711,6109630,5180963,PASS,9251,10942,5,20,4,16
XMSSMT-SHA2_20/4_256,PUB_R3,711,711,712,8506741,5247611,PASS,9251,10942,5,20,4,16
XMSSMT-SHA2_20/4_256,PUB_R3,712,712,713,11007019,5183815,PASS,9251,10942,5,20,4,16
XMSSMT-SHA2_20/4_256,PUB_R3,713,713,714,8491223,5254000,PASS,9251,10942,5,20,4,16
XMSSMT-SHA2_20/4_256,PUB_R3,714,714,715,10969185,5228241,PASS,9251,10942,5,20,4,16
XMSSMT-SHA2_20/4_256,PUB_R3,715,715,716,8493741,5258815,PASS,9251,10942,5,20,4,16
XMSSMT-SHA2_20/4_256,PUB_R3,716,716,717,8487797,5253166,PASS,9251,10942,5,20,4,16
XMSSMT-SHA2_20/4_256,PUB_R3,717,717,718,6061982,5246463,PASS,9251,10942,5,20,4,16
XMSSMT-SHA2_20/4_256,PUB_R3,718,718,719,5898648,5393759,PASS,9251,10942,5,20,4,16
XMSSMT-SHA2_20/4_256,PUB_R3,719,719,720,8698111,5065203,PASS,9251,10942,5,20,4,16
XMSSMT-SHA2_20/4_256,PUB_R3,720,720,721,10934166,5251926,PASS,9251,10942,5,20,4,16
XMSSMT-SHA2_20/4_256,PUB_R3,721,721,722,8476056,5280092,PASS,9251,10942,5,20,4,16
XMSSMT-SHA2_20/4_256,PUB_R3,722,722,723,11073574,5115277,PASS,9251,10942,5,20,4,16
XMSSMT-SHA2_20/4_256,PUB_R3,723,723,724,8538370,5217852,PASS,9251,10942,5,20,4,16
XMSSMT-SHA2_20/4_256,PUB_R3,724,724,725,8603593,5152037,PASS,9251,10942,5,20,4,16
XMSSMT-SHA2_20/4_256,PUB_R3,725,725,726,6009389,5298315,PASS,9251,10942,5,20,4,16
XMSSMT-SHA2_20/4_256,PUB_R3,726,726,727,6031315,5248630,PASS,9251,10942,5,20,4,16
XMSSMT-SHA2_20/4_256,PUB_R3,727,727,728,8476982,5280296,PASS,9251,10942,5,20,4,16
XMSSMT-SHA2_20/4_256,PUB_R3,728,728,729,8457481,5277629,PASS,9251,10942,5,20,4,16
XMSSMT-SHA2_20/4_256,PUB_R3,729,729,730,5919352,5396426,PASS,9251,10942,5,20,4,16
XMSSMT-SHA2_20/4_256,PUB_R3,730,730,731,6167944,5119685,PASS,9251,10942,5,20,4,16
XMSSMT-SHA2_20/4_256,PUB_R3,731,731,732,6164852,5148444,PASS,9251,10942,5,20,4,16
XMSSMT-SHA2_20/4_256,PUB_R3,732,732,733,5998444,5297834,PASS,9251,10942,5,20,4,16
XMSSMT-SHA2_20/4_256,PUB_R3,733,733,734,3560481,5280260,PASS,9251,10942,5,20,4,16
XMSSMT-SHA2_20/4_256,PUB_R3,734,734,735,6044185,5254240,PASS,9251,10942,5,20,4,16
XMSSMT-SHA2_20/4_256,PUB_R3,735,735,736,7052278,5258222,PASS,9251,10942,5,20,4,16
XMSSMT-SHA2_20/4_256,PUB_R3,736,736,737,5905870,5316389,PASS,9251,10942,5,20,4,16
XMSSMT-SHA2_20/4_256,PUB_R3,737,737,738,6183371,5052000,PASS,9251,10942,5,20,4,16
XMSSMT-SHA2_20/4_256,PUB_R3,738,738,739,6199741,5028796,PASS,9251,10942,5,20,4,16
XMSSMT-SHA2_20/4_256,PUB_R3,739,739,740,8555630,5133092,PASS,9251,10942,5,20,4,16
XMSSMT-SHA2_20/4_256,PUB_R3,740,740,741,8494445,5183259,PASS,9251,10942,5,20,4,16
XMSSMT-SHA2_20/4_256,PUB_R3,741,741,742,6250741,4985148,PASS,9251,10942,5,20,4,16
XMSSMT-SHA2_20/4_256,PUB_R3,742,742,743,5900018,5329056,PASS,9251,10942,5,20,4,16
XMSSMT-SHA2_20/4_256,PUB_R3,743,743,744,8389019,5284000,PASS,9251,10942,5,20,4,16
XMSSMT-SHA2_20/4_256,PUB_R3,744,744,745,10972889,5154759,PASS,9251,10942,5,20,4,16
XMSSMT-SHA2_20/4_256,PUB_R3,745,745,746,8312500,5380315,PASS,9251,10942,5,20,4,16
XMSSMT-SHA2_20/4_256,PUB_R3,746,746,747,10944741,5184018,PASS,9251,10942,5,20,4,16
XMSSMT-SHA2_20/4_256,PUB_R3,747,747,748,8305111,5374463,PASS,9251,10942,5,20,4,16
XMSSMT-SHA2_20/4_256,PUB_R3,748,748,749,8395074,5281703,PASS,9251,10942,5,20,4,16
XMSSMT-SHA2_20/4_256,PUB_R3,749,749,750,5868445,5387130,PASS,9251,10942,5,20,4,16
XMSSMT-SHA2_20/4_256,PUB_R3,750,750,751,6090000,5151167,PASS,9251,10942,5,20,4,16
XMSSMT-SHA2_20/4_256,PUB_R3,751,751,752,8609018,5082852,PASS,9251,10942,5,20,4,16
XMSSMT-SHA2_20/4_256,PUB_R3,752,752,753,11006592,5121815,PASS,9251,10942,5,20,4,16
XMSSMT-SHA2_20/4_256,PUB_R3,753,753,754,8597482,5089463,PASS,9251,10942,5,20,4,16
XMSSMT-SHA2_20/4_256,PUB_R3,754,754,755,11052611,5085352,PASS,9251,10942,5,20,4,16
XMSSMT-SHA2_20/4_256,PUB_R3,755,755,756,8655741,5025722,PASS,9251,10942,5,20,4,16
XMSSMT-SHA2_20/4_256,PUB_R3,756,756,757,8391055,5293852,PASS,9251,10942,5,20,4,16
XMSSMT-SHA2_20/4_256,PUB_R3,757,757,758,6143352,5082537,PASS,9251,10942,5,20,4,16
XMSSMT-SHA2_20/4_256,PUB_R3,758,758,759,6037555,5186723,PASS,9251,10942,5,20,4,16
XMSSMT-SHA2_20/4_256,PUB_R3,759,759,760,8465278,5219870,PASS,9251,10942,5,20,4,16
XMSSMT-SHA2_20/4_256,PUB_R3,760,760,761,8516574,5152889,PASS,9251,10942,5,20,4,16
XMSSMT-SHA2_20/4_256,PUB_R3,761,761,762,6091778,5146945,PASS,9251,10942,5,20,4,16
XMSSMT-SHA2_20/4_256,PUB_R3,762,762,763,6078481,5152796,PASS,9251,10942,5,20,4,16
XMSSMT-SHA2_20/4_256,PUB_R3,763,763,764,6170759,5071463,PASS,9251,10942,5,20,4,16
XMSSMT-SHA2_20/4_256,PUB_R3,764,764,765,5935445,5277704,PASS,9251,10942,5,20,4,16
XMSSMT-SHA2_20/4_256,PUB_R3,765,765,766,3653834,5119815,PASS,9251,10942,5,20,4,16
XMSSMT-SHA2_20/4_256,PUB_R3,766,766,767,6025630,5181463,PASS,9251,10942,5,20,4,16
XMSSMT-SHA2_20/4_256,PUB_R3,767,767,768,7049703,5278778,PASS,9251,10942,5,20,4,16
XMSSMT-SHA2_20/4_256,PUB_R3,768,768,769,10987574,5018500,PASS,9251,10942,5,20,4,16
XMSSMT-SHA2_20/4_256,PUB_R3,769,769,770,5900408,5213648,PASS,9251,10942,5,20,4,16
XMSSMT-SHA2_20/4_256,PUB_R3,770,770,771,6164407,4952149,PASS,9251,10942,5,20,4,16
XMSSMT-SHA2_20/4_256,PUB_R3,771,771,772,8488222,5082500,PASS,9251,10942,5,20,4,16
XMSSMT-SHA2_20/4_256,PUB_R3,772,772,773,8546944,5014815,PASS,9251,10942,5,20,4,16
XMSSMT-SHA2_20/4_256,PUB_R3,773,773,774,6097759,5023333,PASS,9251,10942,5,20,4,16
XMSSMT-SHA2_20/4_256,PUB_R3,774,774,775,5928574,5205907,PASS,9251,10942,5,20,4,16
XMSSMT-SHA2_20/4_256,PUB_R3,775,775,776,8585389,4979351,PASS,9251,10942,5,20,4,16
XMSSMT-SHA2_20/4_256,PUB_R3,776,776,777,10922444,5119315,PASS,9251,10942,5,20,4,16
XMSSMT-SHA2_20/4_256,PUB_R3,777,777,778,8520277,5045537,PASS,9251,10942,5,20,4,16
XMSSMT-SHA2_20/4_256,PUB_R3,778,778,779,10793296,5211426,PASS,9251,10942,5,20,4,16
XMSSMT-SHA2_20/4_256,PUB_R3,779,779,780,8393815,5196833,PASS,9251,10942,5,20,4,16
XMSSMT-SHA2_20/4_256,PUB_R3,780,780,781,8290814,5284444,PASS,9251,10942,5,20,4,16
XMSSMT-SHA2_20/4_256,PUB_R3,781,781,782,6109704,5051982,PASS,9251,10942,5,20,4,16
XMSSMT-SHA2_20/4_256,PUB_R3,782,782,783,5940315,5187278,PASS,9251,10942,5,20,4,16
XMSSMT-SHA2_20/4_256,PUB_R3,783,783,784,8639611,4958926,PASS,9251,10942,5,20,4,16
XMSSMT-SHA2_20/4_256,PUB_R3,784,784,785,11006185,5036055,PASS,9251,10942,5,20,4,16
XMSSMT-SHA2_20/4_256,PUB_R3,785,785,786,8541223,5063518,PASS,9251,10942,5,20,4,16
XMSSMT-SHA2_20/4_256,PUB_R3,786,786,787,10980315,5060834,PASS,9251,10942,5,20,4,16
XMSSMT-SHA2_20/4_256,PUB_R3,787,787,788,8509685,5083704,PASS,9251,10942,5,20,4,16
XMSSMT-SHA2_20/4_256,PUB_R3,788,788,789,8638833,4951944,PASS,9251,10942,5,20,4,16
XMSSMT-SHA2_20/4_256,PUB_R3,789,789,790,6079537,5082185,PASS,9251,10942,5,20,4,16
XMSSMT-SHA2_20/4_256,PUB_R3,790,790,791,6142074,4991223,PASS,9251,10942,5,20,4,16
XMSSMT-SHA2_20/4_256,PUB_R3,791,791,792,8575203,5015315,PASS,9251,10942,5,20,4,16
XMSSMT-SHA2_20/4_256,PUB_R3,792,792,793,8668815,4924296,PASS,9251,10942,5,20,4,16
XMSSMT-SHA2_20/4_256,PUB_R3,793,793,794,6112037,5034963,PASS,9251,10942,5,20,4,16
XMSSMT-SHA2_20/4_256,PUB_R3,794,794,795,6090185,5019148,PASS,9251,10942,5,20,4,16
XMSSMT-SHA2_20/4_256,PUB_R3,795,795,796,6098852,5051870,PASS,9251,10942,5,20,4,16
XMSSMT-SHA2_20/4_256,PUB_R3,796,796,797,5998889,5140241,PASS,9251,10942,5,20,4,16
XMSSMT-SHA2_20/4_256,PUB_R3,797,797,798,3663296,5017352,PASS,9251,10942,5,20,4,16
XMSSMT-SHA2_20/4_256,PUB_R3,798,798,799,6040648,5081500,PASS,9251,10942,5,20,4,16
XMSSMT-SHA2_20/4_256,PUB_R3,799,799,800,7183092,5063444,PASS,9251,10942,5,20,4,16
XMSSMT-SHA2_20/4_256,PUB_R3,800,800,801,6033444,5083612,PASS,9251,10942,5,20,4,16
XMSSMT-SHA2_20/4_256,PUB_R3,801,801,802,6063611,5088630,PASS,9251,10942,5,20,4,16
XMSSMT-SHA2_20/4_256,PUB_R3,802,802,803,6070222,5068315,PASS,9251,10942,5,20,4,16
XMSSMT-SHA2_20/4_256,PUB_R3,803,803,804,8561926,5036963,PASS,9251,10942,5,20,4,16
XMSSMT-SHA2_20/4_256,PUB_R3,804,804,805,8557981,5016223,PASS,9251,10942,5,20,4,16
XMSSMT-SHA2_20/4_256,PUB_R3,805,805,806,6056852,5084833,PASS,9251,10942,5,20,4,16
XMSSMT-SHA2_20/4_256,PUB_R3,806,806,807,5994741,5131889,PASS,9251,10942,5,20,4,16
XMSSMT-SHA2_20/4_256,PUB_R3,807,807,808,8594500,4988167,PASS,9251,10942,5,20,4,16
XMSSMT-SHA2_20/4_256,PUB_R3,808,808,809,11014704,5019482,PASS,9251,10942,5,20,4,16
XMSSMT-SHA2_20/4_256,PUB_R3,809,809,810,8484555,5117482,PASS,9251,10942,5,20,4,16
XMSSMT-SHA2_20/4_256,PUB_R3,810,810,811,10979260,5054703,PASS,9251,10942,5,20,4,16
XMSSMT-SHA2_20/4_256,PUB_R3,811,811,812,8384000,5221426,PASS,9251,10942,5,20,4,16
XMSSMT-SHA2_20/4_256,PUB_R3,812,812,813,8414037,5188704,PASS,9251,10942,5,20,4,16
XMSSMT-SHA2_20/4_256,PUB_R3,813,813,814,6115351,5032574,PASS,9251,10942,5,20,4,16
XMSSMT-SHA2_20/4_256,PUB_R3,814,814,815,6241481,4884889,PASS,9251,10942,5,20,4,16
XMSSMT-SHA2_20/4_256,PUB_R3,815,815,816,8574759,5024704,PASS,9251,10942,5,20,4,16
XMSSMT-SHA2_20/4_256,PUB_R3,816,816,817,11013852,5022351,PASS,9251,10942,5,20,4,16
XMSSMT-SHA2_20/4_256,PUB_R3,817,817,818,8540519,5075555,PASS,9251,10942,5,20,4,16
XMSSMT-SHA2_20/4_256,PUB_R3,818,818,819,10968259,5063982,PASS,9251,10942,5,20,4,16
XMSSMT-SHA2_20/4_256,PUB_R3,819,819,820,8558871,5035444,PASS,9251,10942,5,20,4,16
XMSSMT-SHA2_20/4_256,PUB_R3,820,820,821,8557185,5023926,PASS,9251,10942,5,20,4,16
XMSSMT-SHA2_20/4_256,PUB_R3,821,821,822,6155722,4990630,PASS,9251,10942,5,20,4,16
XMSSMT-SHA2_20/4_256,PUB_R3,822,822,823,6003482,5119352,PASS,9251,10942,5,20,4,16
XMSSMT-SHA2_20/4_256,PUB_R3,823,823,824,8566445,5027555,PASS,9251,10942,5,20,4,16
XMSSMT-SHA2_20/4_256,PUB_R3,824,824,825,8573074,5018908,PASS,9251,10942,5,20,4,16
XMSSMT-SHA2_20/4_256,PUB_R3,825,825,826,6130852,5021500,PASS,9251,10942,5,20,4,16
XMSSMT-SHA2_20/4_256,PUB_R3,826,826,827,6068463,5065518,PASS,9251,10942,5,20,4,16
XMSSMT-SHA2_20/4_256,PUB_R3,827,827,828,6083463,5052315,PASS,9251,10942,5,20,4,16
XMSSMT-SHA2_20/4_256,PUB_R3,828,828,829,6015963,5119371,PASS,9251,10942,5,20,4,16
XMSSMT-SHA2_20/4_256,PUB_R3,829,829,830,3660593,5077277,PASS,9251,10942,5,20,4,16
XMSSMT-SHA2_20/4_256,PUB_R3,830,830,831,6169871,4947630,PASS,9251,10942,5,20,4,16
XMSSMT-SHA2_20/4_256,PUB_R3,831,831,832,7225129,5125834,PASS,9251,10942,5,20,4,16
XMSSMT-SHA2_20/4_256,PUB_R3,832,832,833,6012611,5039037,PASS,9251,10942,5,20,4,16
XMSSMT-SHA2_20/4_256,PUB_R3,833,833,834,5949111,5083092,PASS,9251,10942,5,20,4,16
XMSSMT-SHA2_20/4_256,PUB_R3,834,834,835,6104129,4917333,PASS,9251,10942,5,20,4,16
XMSSMT-SHA2_20/4_256,PUB_R3,835,835,836,8495092,5004704,PASS,9251,10942,5,20,4,16
XMSSMT-SHA2_20/4_256,PUB_R3,836,836,837,8442426,5039111,PASS,9251,10942,5,20,4,16
XMSSMT-SHA2_20/4_256,PUB_R3,837,837,838,6120111,4921297,PASS,9251,10942,5,20,4,16
XMSSMT-SHA2_20/4_256,PUB_R3,838,838,839,6012648,5025130,PASS,9251,10942,5,20,4,16
XMSSMT-SHA2_20/4_256,PUB_R3,839,839,840,8593704,4891204,PASS,9251,10942,5,20,4,16
XMSSMT-SHA2_20/4_256,PUB_R3,840,840,841,11000574,4936574,PASS,9251,10942,5,20,4,16
XMSSMT-SHA2_20/4_256,PUB_R3,841,841,842,8554574,4919537,PASS,9251,10942,5,20,4,16
XMSSMT-SHA2_20/4_256,PUB_R3,842,842,843,11047703,4888981,PASS,9251,10942,5,20,4,16
XMSSMT-SHA2_20/4_256,PUB_R3,843,843,844,8463019,5018630,PASS,9251,10942,5,20,4,16
XMSSMT-SHA2_20/4_256,PUB_R3,844,844,845,8512203,4948445,PASS,9251,10942,5,20,4,16
XMSSMT-SHA2_20/4_256,PUB_R3,845,845,846,6101629,4919500,PASS,9251,10942,5,20,4,16
XMSSMT-SHA2_20/4_256,PUB_R3,846,846,847,6025500,4982111,PASS,9251,10942,5,20,4,16
XMSSMT-SHA2_20/4_256,PUB_R3,847,847,848,8487685,4979649,PASS,9251,10942,5,20,4,16
XMSSMT-SHA2_20/4_256,PUB_R3,848,848,849,10992018,4917685,PASS,9251,10942,5,20,4,16
XMSSMT-SHA2_20/4_256,PUB_R3,849,849,850,8519463,4947574,PASS,9251,10942,5,20,4,16
XMSSMT-SHA2_20/4_256,PUB_R3,850,850,851,10840018,5079519,PASS,9251,10942,5,20,4,16
XMSSMT-SHA2_20/4_256,PUB_R3,851,851,852,8490945,5015944,PASS,9251,10942,5,20,4,16
XMSSMT-SHA2_20/4_256,PUB_R3,852,852,853,8454056,5018445,PASS,9251,10942,5,20,4,16
XMSSMT-SHA2_20/4_256,PUB_R3,853,853,854,5937740,5082648,PASS,9251,10942,5,20,4,16
XMSSMT-SHA2_20/4_256,PUB_R3,854,854,855,6057778,4949648,PASS,9251,10942,5,20,4,16
XMSSMT-SHA2_20/4_256,PUB_R3,855,855,856,8519500,4950278,PASS,9251,10942,5,20,4,16
XMSSMT-SHA2_20/4_256,PUB_R3,856,856,857,8475648,4981555,PASS,9251,10942,5,20,4,16
XMSSMT-SHA2_20/4_256,PUB_R3,857,857,858,6247223,4816648,PASS,9251,10942,5,20,4,16
XMSSMT-SHA2_20/4_256,PUB_R3,858,858,859,6031075,4993481,PASS,9251,10942,5,20,4,16
XMSSMT-SHA2_20/4_256,PUB_R3,859,859,860,6150481,4890074,PASS,9251,10942,5,20,4,16
XMSSMT-SHA2_20/4_256,PUB_R3,860,860,861,6083389,4953703,PASS,9251,10942,5,20,4,16
XMSSMT-SHA2_20/4_256,PUB_R3,861,861,862,3461148,5122870,PASS,9251,10942,5,20,4,16
XMSSMT-SHA2_20/4_256,PUB_R3,862,862,863,6072130,4946481,PASS,9251,10942,5,20,4,16
XMSSMT-SHA2_20/4_256,PUB_R3,863,863,864,7197408,4955037,PASS,9251,10942,5,20,4,16
XMSSMT-SHA2_20/4_256,PUB_R3,864,864,865,6004482,5137833,PASS,9251,10942,5,20,4,16
XMSSMT-SHA2_20/4_256,PUB_R3,865,865,866,5965278,5180759,PASS,9251,10942,5,20,4,16
XMSSMT-SHA2_20/4_256,PUB_R3,866,866,867,6007333,5122444,PASS,9251,10942,5,20,4,16
XMSSMT-SHA2_20/4_256,PUB_R3,867,867,868,8563870,5029778,PASS,9251,10942,5,20,4,16
XMSSMT-SHA2_20/4_256,PUB_R3,868,868,869,8544000,5030963,PASS,9251,10942,5,20,4,16
XMSSMT-SHA2_20/4_256,PUB_R3,869,869,870,6190889,4950185,PASS,9251,10942,5,20,4,16
XMSSMT-SHA2_20/4_256,PUB_R3,870,870,871,5909704,5211167,PASS,9251,10942,5,20,4,16
XMSSMT-SHA2_20/4_256,PUB_R3,871,871,872,8506907,5094555,PASS,9251,10942,5,20,4,16
XMSSMT-SHA2_20/4_256,PUB_R3,872,872,873,10794333,5225722,PASS,9251,10942,5,20,4,16
XMSSMT-SHA2_20/4_256,PUB_R3,873,873,874,8530611,5071186,PASS,9251,10942,5,20,4,16
XMSSMT-SHA2_20/4_256,PUB_R3,874,874,875,10840351,5203149,PASS,9251,10942,5,20,4,16
XMSSMT-SHA2_20/4_256,PUB_R3,875,875,876,8564278,5017592,PASS,9251,10942,5,20,4,16
XMSSMT-SHA2_20/4_256,PUB_R3,876,876,877,8572074,5020259,PASS,9251,10942,5,20,4,16
XMSSMT-SHA2_20/4_256,PUB_R3,877,877,878,6120408,5025797,PASS,9251,10942,5,20,4,16
XMSSMT-SHA2_20/4_256,PUB_R3,878,878,879,6069149,5059296,PASS,9251,10942,5,20,4,16
XMSSMT-SHA2_20/4_256,PUB_R3,879,879,880,8544222,5055092,PASS,9251,10942,5,20,4,16
XMSSMT-SHA2_20/4_256,PUB_R3,880,880,881,11069112,4955037,PASS,9251,10942,5,20,4,16
XMSSMT-SHA2_20/4_256,PUB_R3,881,881,882,8517537,5086908,PASS,9251,10942,5,20,4,16
XMSSMT-SHA2_20/4_256,PUB_R3,882,882,883,10840926,5180444,PASS,9251,10942,5,20,4,16
XMSSMT-SHA2_20/4_256,PUB_R3,883,883,884,8541889,5052352,PASS,9251,10942,5,20,4,16
XMSSMT-SHA2_20/4_256,PUB_R3,884,884,885,8465334,5126000,PASS,9251,10942,5,20,4,16
XMSSMT-SHA2_20/4_256,PUB_R3,885,885,886,6101963,5022630,PASS,9251,10942,5,20,4,16
XMSSMT-SHA2_20/4_256,PUB_R3,886,886,887,5943815,5179778,PASS,9251,10942,5,20,4,16
XMSSMT-SHA2_20/4_256,PUB_R3,887,887,888,8368740,5227834,PASS,9251,10942,5,20,4,16
XMSSMT-SHA2_20/4_256,PUB_R3,888,888,889,8650259,4936074,PASS,9251,10942,5,20,4,16
XMSSMT-SHA2_20/4_256,PUB_R3,889,889,890,6075093,5047648,PASS,9251,10942,5,20,4,16
XMSSMT-SHA2_20/4_256,PUB_R3,890,890,891,6177796,4960093,PASS,9251,10942,5,20,4,16
XMSSMT-SHA2_20/4_256,PUB_R3,891,891,892,5942334,5194518,PASS,9251,10942,5,20,4,16
XMSSMT-SHA2_20/4_256,PUB_R3,892,892,893,5900759,5204704,PASS,9251,10942,5,20,4,16
XMSSMT-SHA2_20/4_256,PUB_R3,893,893,894,3680722,5103500,PASS,9251,10942,5,20,4,16
XMSSMT-SHA2_20/4_256,PUB_R3,894,894,895,6063149,5059518,PASS,9251,10942,5,20,4,16
XMSSMT-SHA2_20/4_256,PUB_R3,895,895,896,7069703,5246111,PASS,9251,10942,5,20,4,16
XMSSMT-SHA2_20/4_256,PUB_R3,896,896,897,6082797,4988777,PASS,9251,10942,5,20,4,16
XMSSMT-SHA2_20/4_256,PUB_R3,897,897,898,6106500,4966796,PASS,9251,10942,5,20,4,16
XMSSMT-SHA2_20/4_256,PUB_R3,898,898,899,6029537,5015167,PASS,9251,10942,5,20,4,16
XMSSMT-SHA2_20/4_256,PUB_R3,899,899,900,8535445,4988092,PASS,9251,10942,5,20,4,16
XMSSMT-SHA2_20/4_256,PUB_R3,900,900,901,8628204,4888055,PASS,9251,10942,5,20,4,16
XMSSMT-SHA2_20/4_256,PUB_R3,901,901,902,6043926,5030852,PASS,9251,10942,5,20,4,16
XMSSMT-SHA2_20/4_256,PUB_R3,902,902,903,6036944,5013760,PASS,9251,10942,5,20,4,16
XMSSMT-SHA2_20/4_256,PUB_R3,903,903,904,8408370,5118315,PASS,9251,10942,5,20,4,16
XMSSMT-SHA2_20/4_256,PUB_R3,904,904,905,10806500,5152112,PASS,9251,10942,5,20,4,16
XMSSMT-SHA2_20/4_256,PUB_R3,905,905,906,8653945,4867408,PASS,9251,10942,5,20,4,16
XMSSMT-SHA2_20/4_256,PUB_R3,906,906,907,10968333,4995408,PASS,9251,10942,5,20,4,16
XMSSMT-SHA2_20/4_256,PUB_R3,907,907,908,8528426,4998722,PASS,9251,10942,5,20,4,16
XMSSMT-SHA2_20/4_256,PUB_R3,908,908,909,8471704,5054666,PASS,9251,10942,5,20,4,16
XMSSMT-SHA2_20/4_256,PUB_R3,909,909,910,6058352,5020241,PASS,9251,10942,5,20,4,16
XMSSMT-SHA2_20/4_256,PUB_R3,910,910,911,6067204,4991352,PASS,9251,10942,5,20,4,16
XMSSMT-SHA2_20/4_256,PUB_R3,911,911,912,8467333,5052500,PASS,9251,10942,5,20,4,16
XMSSMT-SHA2_20/4_256,PUB_R3,912,912,913,11085704,4888740,PASS,9251,10942,5,20,4,16
XMSSMT-SHA2_20/4_256,PUB_R3,913,913,914,8421278,5125667,PASS,9251,10942,5,20,4,16
XMSSMT-SHA2_20/4_256,PUB_R3,914,914,915,10982463,4981907,PASS,9251,10942,5,20,4,16
XMSSMT-SHA2_20/4_256,PUB_R3,915,915,916,8502722,5016241,PASS,9251,10942,5,20,4,16
XMSSMT-SHA2_20/4_256,PUB_R3,916,916,917,8558444,4962259,PASS,9251,10942,5,20,4,16
XMSSMT-SHA2_20/4_256,PUB_R3,917,917,918,6171852,4895037,PASS,9251,10942,5,20,4,16
XMSSMT-SHA2_20/4_256,PUB_R3,918,918,919,6145926,4920037,PASS,9251,10942,5,20,4,16
XMSSMT-SHA2_20/4_256,PUB_R3,919,919,920,8411593,5119907,PASS,9251,10942,5,20,4,16
XMSSMT-SHA2_20/4_256,PUB_R3,920,920,921,8538482,4987352,PASS,9251,10942,5,20,4,16
XMSSMT-SHA2_20/4_256,PUB_R3,921,921,922,6071389,5003871,PASS,9251,10942,5,20,4,16
XMSSMT-SHA2_20/4_256,PUB_R3,922,922,923,5942167,5121482,PASS,9251,10942,5,20,4,16
XMSSMT-SHA2_20/4_256,PUB_R3,923,923,924,6010630,5051074,PASS,9251,10942,5,20,4,16
XMSSMT-SHA2_20/4_256,PUB_R3,924,924,925,6024686,5013463,PASS,9251,10942,5,20,4,16
XMSSMT-SHA2_20/4_256,PUB_R3,925,925,926,3621277,4980278,PASS,9251,10942,5,20,4,16
XMSSMT-SHA2_20/4_256,PUB_R3,926,926,927,6126778,4911667,PASS,9251,10942,5,20,4,16
XMSSMT-SHA2_20/4_256,PUB_R3,927,927,928,7342130,4983500,PASS,9251,10942,5,20,4,16
XMSSMT-SHA2_20/4_256,PUB_R3,928,928,929,6098277,4854796,PASS,9251,10942,5,20,4,16
XMSSMT-SHA2_20/4_256,PUB_R3,929,929,930,6131704,4819259,PASS,9251,10942,5,20,4,16
XMSSMT-SHA2_20/4_256,PUB_R3,930,930,931,5891778,5040018,PASS,9251,10942,5,20,4,16
XMSSMT-SHA2_20/4_256,PUB_R3,931,931,932,8491722,4914204,PASS,9251,10942,5,20,4,16
XMSSMT-SHA2_20/4_256,PUB_R3,932,932,933,8484500,4920407,PASS,9251,10942,5,20,4,16
XMSSMT-SHA2_20/4_256,PUB_R3,933,933,934,6000685,4949871,PASS,9251,10942,5,20,4,16
XMSSMT-SHA2_20/4_256,PUB_R3,934,934,935,6061648,4924297,PASS,9251,10942,5,20,4,16
XMSSMT-SHA2_20/4_256,PUB_R3,935,935,936,8552185,4852518,PASS,9251,10942,5,20,4,16
XMSSMT-SHA2_20/4_256,PUB_R3,936,936,937,10968129,4889704,PASS,9251,10942,5,20,4,16
XMSSMT-SHA2_20/4_256,PUB_R3,937,937,938,8683648,4720796,PASS,9251,10942,5,20,4,16
XMSSMT-SHA2_20/4_256,PUB_R3,938,938,939,10907259,4961277,PASS,9251,10942,5,20,4,16
XMSSMT-SHA2_20/4_256,PUB_R3,939,939,940,8459204,5026796,PASS,9251,10942,5,20,4,16
XMSSMT-SHA2_20/4_256,PUB_R3,940,940,941,8482629,4967574,PASS,9251,10942,5,20,4,16
XMSSMT-SHA2_20/4_256,PUB_R3,941,941,942,5927074,5061371,PASS,9251,10942,5,20,4,16
XMSSMT-SHA2_20/4_256,PUB_R3,942,942,943,6067630,4888667,PASS,9251,10942,5,20,4,16
XMSSMT-SHA2_20/4_256,PUB_R3,943,943,944,8500574,4935149,PASS,9251,10942,5,20,4,16
XMSSMT-SHA2_20/4_256,PUB_R3,944,944,945,10900408,4960815,PASS,9251,10942,5,20,4,16
XMSSMT-SHA2_20/4_256,PUB_R3,945,945,946,8730833,4688759,PASS,9251,10942,5,20,4,16
XMSSMT-SHA2_20/4_256,PUB_R3,946,946,947,10960648,4915240,PASS,9251,10942,5,20,4,16
XMSSMT-SHA2_20/4_256,PUB_R3,947,947,948,8619370,4829222,PASS,9251,10942,5,20,4,16
XMSSMT-SHA2_20/4_256,PUB_R3,948,948,949,8529203,4895649,PASS,9251,10942,5,20,4,16
XMSSMT-SHA2_20/4_256,PUB_R3,949,949,950,6068611,4886593,PASS,9251,10942,5,20,4,16
XMSSMT-SHA2_20/4_256,PUB_R3,950,950,951,6053426,4921297,PASS,9251,10942,5,20,4,16
XMSSMT-SHA2_20/4_256,PUB_R3,951,951,952,8519463,4924685,PASS,9251,10942,5,20,4,16
XMSSMT-SHA2_20/4_256,PUB_R3,952,952,953,8580759,4860130,PASS,9251,10942,5,20,4,16
XMSSMT-SHA2_20/4_256,PUB_R3,953,953,954,5943351,5021592,PASS,9251,10942,5,20,4,16
XMSSMT-SHA2_20/4_256,PUB_R3,954,954,955,6048870,4920833,PASS,9251,10942,5,20,4,16
XMSSMT-SHA2_20/4_256,PUB_R3,955,955,956,6049852,4939463,PASS,9251,10942,5,20,4,16
XMSSMT-SHA2_20/4_256,PUB_R3,956,956,957,6101555,4865982,PASS,9251,10942,5,20,4,16
XMSSMT-SHA2_20/4_256,PUB_R3,957,957,958,3640260,4888203,PASS,9251,10942,5,20,4,16
XMSSMT-SHA2_20/4_256,PUB_R3,958,958,959,6089648,4865945,PASS,9251,10942,5,20,4,16
XMSSMT-SHA2_20/4_256,PUB_R3,959,959,960,5103389,4789778,PASS,9251,10942,5,20,4,16
XMSSMT-SHA2_20/4_256,PUB_R3,960,960,961,6175259,4693222,PASS,9251,10942,5,20,4,16
XMSSMT-SHA2_20/4_256,PUB_R3,961,961,962,6043241,4837481,PASS,9251,10942,5,20,4,16
XMSSMT-SHA2_20/4_256,PUB_R3,962,962,963,6107926,4757500,PASS,9251,10942,5,20,4,16
XMSSMT-SHA2_20/4_256,PUB_R3,963,963,964,8572741,4762222,PASS,9251,10942,5,20,4,16
XMSSMT-SHA2_20/4_256,PUB_R3,964,964,965,8596481,4727370,PASS,9251,10942,5,20,4,16
XMSSMT-SHA2_20/4_256,PUB_R3,965,965,966,6107778,4765537,PASS,9251,10942,5,20,4,16
XMSSMT-SHA2_20/4_256,PUB_R3,966,966,967,6079092,4789407,PASS,9251,10942,5,20,4,16
XMSSMT-SHA2_20/4_256,PUB_R3,967,967,968,8582667,4756926,PASS,9251,10942,5,20,4,16
XMSSMT-SHA2_20/4_256,PUB_R3,968,968,969,10931667,4834815,PASS,9251,10942,5,20,4,16
XMSSMT-SHA2_20/4_256,PUB_R3,969,969,970,8460371,4874704,PASS,9251,10942,5,20,4,16
XMSSMT-SHA2_20/4_256,PUB_R3,970,970,971,10845018,4953815,PASS,9251,10942,5,20,4,16
XMSSMT-SHA2_20/4_256,PUB_R3,971,971,972,8500333,4822426,PASS,9251,10942,5,20,4,16
XMSSMT-SHA2_20/4_256,PUB_R3,972,972,973,8630981,4694278,PASS,9251,10942,5,20,4,16
XMSSMT-SHA2_20/4_256,PUB_R3,973,973,974,5920185,4958352,PASS,9251,10942,5,20,4,16
XMSSMT-SHA2_20/4_256,PUB_R3,974,974,975,6035555,4829223,PASS,9251,10942,5,20,4,16
XMSSMT-SHA2_20/4_256,PUB_R3,975,975,976,8550222,4792593,PASS,9251,10942,5,20,4,16
XMSSMT-SHA2_20/4_256,PUB_R3,976,976,977,10952074,4821630,PASS,9251,10942,5,20,4,16
XMSSMT-SHA2_20/4_256,PUB_R3,977,977,978,8388315,4960203,PASS,9251,10942,5,20,4,16
XMSSMT-SHA2_20/4_256,PUB_R3,978,978,979,11014130,4764315,PASS,9251,10942,5,20,4,16
XMSSMT-SHA2_20/4_256,PUB_R3,979,979,980,8414334,4925778,PASS,9251,10942,5,20,4,16
XMSSMT-SHA2_20/4_256,PUB_R3,980,980,981,8491556,4834870,PASS,9251,10942,5,20,4,16
XMSSMT-SHA2_20/4_256,PUB_R3,981,981,982,6058704,4819481,PASS,9251,10942,5,20,4,16
XMSSMT-SHA2_20/4_256,PUB_R3,982,982,983,6108407,4756815,PASS,9251,10942,5,20,4,16
XMSSMT-SHA2_20/4_256,PUB_R3,983,983,984,8473445,4869871,PASS,9251,10942,5,20,4,16
XMSSMT-SHA2_20/4_256,PUB_R3,984,984,985,8485667,4829592,PASS,9251,10942,5,20,4,16
XMSSMT-SHA2_20/4_256,PUB_R3,985,985,986,6176704,4726037,PASS,9251,10942,5,20,4,16
XMSSMT-SHA2_20/4_256,PUB_R3,986,986,987,6073797,4796944,PASS,9251,10942,5,20,4,16
XMSSMT-SHA2_20/4_256,PUB_R3,987,987,988,6049963,4889686,PASS,9251,10942,5,20,4,16
XMSSMT-SHA2_20/4_256,PUB_R3,988,988,989,6045592,4825482,PASS,9251,10942,5,20,4,16
XMSSMT-SHA2_20/4_256,PUB_R3,989,989,990,3427112,4998907,PASS,9251,10942,5,20,4,16
XMSSMT-SHA2_20/4_256,PUB_R3,990,990,991,6106815,4756759,PASS,9251,10942,5,20,4,16
XMSSMT-SHA2_20/4_256,PUB_R3,991,991,992,7269352,4859482,PASS,9251,10942,5,20,4,16
XMSSMT-SHA2_20/4_256,PUB_R3,992,992,993,6104666,4904314,PASS,9251,10942,5,20,4,16
XMSSMT-SHA2_20/4_256,PUB_R3,993,993,994,6081648,4926371,PASS,9251,10942,5,20,4,16
XMSSMT-SHA2_20/4_256,PUB_R3,994,994,995,6019408,4986463,PASS,9251,10942,5,20,4,16
XMSSMT-SHA2_20/4_256,PUB_R3,995,995,996,8581278,4896296,PASS,9251,10942,5,20,4,16
XMSSMT-SHA2_20/4_256,PUB_R3,996,996,997,8480519,4957370,PASS,9251,10942,5,20,4,16
XMSSMT-SHA2_20/4_256,PUB_R3,997,997,998,6198704,4828556,PASS,9251,10942,5,20,4,16
XMSSMT-SHA2_20/4_256,PUB_R3,998,998,999,6013037,4994649,PASS,9251,10942,5,20,4,16
XMSSMT-SHA2_20/4_256,PUB_R3,999,999,1000,8482408,4994907,PASS,9251,10942,5,20,4,16
XMSSMT-SHA2_20/4_256,PUB_R3,1000,1000,1001,10969278,4931944,PASS,9251,10942,5,20,4,16
XMSSMT-SHA2_20/4_256,PUB_R3,1001,1001,1002,8533945,4926759,PASS,9251,10942,5,20,4,16
XMSSMT-SHA2_20/4_256,PUB_R3,1002,1002,1003,10961759,4965760,PASS,9251,10942,5,20,4,16
XMSSMT-SHA2_20/4_256,PUB_R3,1003,1003,1004,8524982,4955278,PASS,9251,10942,5,20,4,16
XMSSMT-SHA2_20/4_256,PUB_R3,1004,1004,1005,8388463,5052408,PASS,9251,10942,5,20,4,16
XMSSMT-SHA2_20/4_256,PUB_R3,1005,1005,1006,5911963,5084796,PASS,9251,10942,5,20,4,16
XMSSMT-SHA2_20/4_256,PUB_R3,1006,1006,1007,6031241,4953685,PASS,9251,10942,5,20,4,16
XMSSMT-SHA2_20/4_256,PUB_R3,1007,1007,1008,8461871,4986611,PASS,9251,10942,5,20,4,16
XMSSMT-SHA2_20/4_256,PUB_R3,1008,1008,1009,10894297,4988630,PASS,9251,10942,5,20,4,16
XMSSMT-SHA2_20/4_256,PUB_R3,1009,1009,1010,8494315,4953371,PASS,9251,10942,5,20,4,16
XMSSMT-SHA2_20/4_256,PUB_R3,1010,1010,1011,10999370,4884575,PASS,9251,10942,5,20,4,16
XMSSMT-SHA2_20/4_256,PUB_R3,1011,1011,1012,8394963,5059407,PASS,9251,10942,5,20,4,16
XMSSMT-SHA2_20/4_256,PUB_R3,1012,1012,1013,8541963,4882574,PASS,9251,10942,5,20,4,16
XMSSMT-SHA2_20/4_256,PUB_R3,1013,1013,1014,6073370,4917925,PASS,9251,10942,5,20,4,16
XMSSMT-SHA2_20/4_256,PUB_R3,1014,1014,1015,6123278,4854167,PASS,9251,10942,5,20,4,16
XMSSMT-SHA2_20/4_256,PUB_R3,1015,1015,1016,8561740,4909519,PASS,9251,10942,5,20,4,16
XMSSMT-SHA2_20/4_256,PUB_R3,1016,1016,1017,8507277,4915648,PASS,9251,10942,5,20,4,16
XMSSMT-SHA2_20/4_256,PUB_R3,1017,1017,1018,5909981,5078685,PASS,9251,10942,5,20,4,16
XMSSMT-SHA2_20/4_256,PUB_R3,1018,1018,1019,5995130,5001611,PASS,9251,10942,5,20,4,16
XMSSMT-SHA2_20/4_256,PUB_R3,1019,1019,1020,6118333,4885148,PASS,9251,10942,5,20,4,16
XMSSMT-SHA2_20/4_256,PUB_R3,1020,1020,1021,6068185,4954407,PASS,9251,10942,5,20,4,16
XMSSMT-SHA2_20/4_256,PUB_R3,1021,1021,1022,3657482,4948333,PASS,9251,10942,5,20,4,16
XMSSMT-SHA2_20/4_256,PUB_R3,1022,1022,1023,6068203,4918018,PASS,9251,10942,5,20,4,16
XMSSMT-SHA2_20/4_256,PUB_R3,1023,1023,1024,8587648,4820074,PASS,9251,10942,5,20,4,16
