analysis_type,comparison_group,configuration_a,configuration_b,metric,value_a,value_b,ratio_b_over_a,percent_change_b_vs_a,interpretation
STATEFUL_REF_FAST,XMSS10_W16,REF,FAST,sign_mean_ms,2444.464200400,5.430159050,0.002221411,-99.777858925,FAST signing speedup = 450.164383x
STATEFUL_REF_FAST,XMSS10_W16,REF,FAST,secret_key_bytes,136.000000000,1377.000000000,10.125000000,912.500000000,FAST serialized SK expansion = 10.125000x
STATEFUL_REF_FAST,XMSS10_W256,REF,FAST,sign_mean_ms,19129.551616150,44.382796290,0.002320117,-99.767988308,FAST signing speedup = 431.012762x
STATEFUL_REF_FAST,XMSS10_W256,REF,FAST,secret_key_bytes,136.000000000,1377.000000000,10.125000000,912.500000000,FAST serialized SK expansion = 10.125000x
STATEFUL_REF_FAST,XMSS10_W4,REF,FAST,sign_mean_ms,1379.849042880,2.948730720,0.002136995,-99.786300484,FAST signing speedup = 467.946779x
STATEFUL_REF_FAST,XMSS10_W4,REF,FAST,secret_key_bytes,136.000000000,1377.000000000,10.125000000,912.500000000,FAST serialized SK expansion = 10.125000x
STATEFUL_REF_FAST,XMSS16_W16,REF,FAST,sign_mean_ms,156383.499410990,6.003339740,0.000038389,-99.996161142,FAST signing speedup = 26049.416855x
STATEFUL_REF_FAST,XMSS16_W16,REF,FAST,secret_key_bytes,136.000000000,2097.000000000,15.419117647,1441.911764706,FAST serialized SK expansion = 15.419118x
STATEFUL_REF_FAST,XMSS16_W256,REF,FAST,sign_mean_ms,1219586.873217450,42.529665680,0.000034872,-99.996512781,FAST signing speedup = 28676.145315x
STATEFUL_REF_FAST,XMSS16_W256,REF,FAST,secret_key_bytes,136.000000000,2097.000000000,15.419117647,1441.911764706,FAST serialized SK expansion = 15.419118x
STATEFUL_REF_FAST,XMSS16_W4,REF,FAST,sign_mean_ms,88062.843447490,2.963345040,0.000033650,-99.996634966,FAST signing speedup = 29717.377578x
STATEFUL_REF_FAST,XMSS16_W4,REF,FAST,secret_key_bytes,136.000000000,2097.000000000,15.419117647,1441.911764706,FAST serialized SK expansion = 15.419118x
STATEFUL_REF_FAST,XMSSMT20_2_W16,REF,FAST,sign_mean_ms,4999.124406480,7.824390380,0.001565152,-99.843484784,FAST signing speedup = 638.915515x
STATEFUL_REF_FAST,XMSSMT20_2_W16,REF,FAST,secret_key_bytes,135.000000000,6002.000000000,44.459259259,4345.925925926,FAST serialized SK expansion = 44.459259x
STATEFUL_REF_FAST,XMSSMT20_2_W256,REF,FAST,sign_mean_ms,38231.176362770,60.882643980,0.001592487,-99.840751319,FAST signing speedup = 627.948687x
STATEFUL_REF_FAST,XMSSMT20_2_W256,REF,FAST,secret_key_bytes,135.000000000,4946.000000000,36.637037037,3563.703703704,FAST serialized SK expansion = 36.637037x
STATEFUL_REF_FAST,XMSSMT20_2_W4,REF,FAST,sign_mean_ms,2748.473980350,4.288510730,0.001560324,-99.843967570,FAST signing speedup = 640.892411x
STATEFUL_REF_FAST,XMSSMT20_2_W4,REF,FAST,secret_key_bytes,135.000000000,8114.000000000,60.103703704,5910.370370370,FAST serialized SK expansion = 60.103704x
STATEFUL_REF_FAST,XMSSMT20_4_W16,REF,FAST,sign_mean_ms,312.045335550,9.496898740,0.030434356,-96.956564429,FAST signing speedup = 32.857604x
STATEFUL_REF_FAST,XMSSMT20_4_W16,REF,FAST,secret_key_bytes,135.000000000,10942.000000000,81.051851852,8005.185185185,FAST serialized SK expansion = 81.051852x
STATEFUL_REF_FAST,XMSSMT20_4_W256,REF,FAST,sign_mean_ms,2420.100028390,75.368829750,0.031142857,-96.885714274,FAST signing speedup = 32.110092x
STATEFUL_REF_FAST,XMSSMT20_4_W256,REF,FAST,secret_key_bytes,135.000000000,7774.000000000,57.585185185,5658.518518519,FAST serialized SK expansion = 57.585185x
STATEFUL_REF_FAST,XMSSMT20_4_W4,REF,FAST,sign_mean_ms,174.297749500,5.363068890,0.030769582,-96.923041803,FAST signing speedup = 32.499629x
STATEFUL_REF_FAST,XMSSMT20_4_W4,REF,FAST,secret_key_bytes,135.000000000,17278.000000000,127.985185185,12698.518518519,FAST serialized SK expansion = 127.985185x
STATEFUL_WOTS,XMSS10_REF,w=4,w=16,signature_bytes,4612.000000000,2500.000000000,0.542064180,-45.793581960,WOTS signature-size trade-off
STATEFUL_WOTS,XMSS10_REF,w=4,w=16,sign_mean_ms,1379.849042880,2444.464200400,1.771544658,77.154465774,WOTS signing-latency trade-off
STATEFUL_WOTS,XMSS10_REF,w=16,w=256,signature_bytes,2500.000000000,1444.000000000,0.577600000,-42.240000000,WOTS signature-size trade-off
STATEFUL_WOTS,XMSS10_REF,w=16,w=256,sign_mean_ms,2444.464200400,19129.551616150,7.825662414,682.566241429,WOTS signing-latency trade-off
STATEFUL_WOTS,XMSS10_REF,w=4,w=256,signature_bytes,4612.000000000,1444.000000000,0.313096271,-68.690372940,WOTS signature-size trade-off
STATEFUL_WOTS,XMSS10_REF,w=4,w=256,sign_mean_ms,1379.849042880,19129.551616150,13.863510443,1286.351044330,WOTS signing-latency trade-off
STATEFUL_WOTS,XMSS10_FAST,w=4,w=16,signature_bytes,4612.000000000,2500.000000000,0.542064180,-45.793581960,WOTS signature-size trade-off
STATEFUL_WOTS,XMSS10_FAST,w=4,w=16,sign_mean_ms,2.948730720,5.430159050,1.841524224,84.152422368,WOTS signing-latency trade-off
STATEFUL_WOTS,XMSS10_FAST,w=16,w=256,signature_bytes,2500.000000000,1444.000000000,0.577600000,-42.240000000,WOTS signature-size trade-off
STATEFUL_WOTS,XMSS10_FAST,w=16,w=256,sign_mean_ms,5.430159050,44.382796290,8.173387903,717.338790288,WOTS signing-latency trade-off
STATEFUL_WOTS,XMSS10_FAST,w=4,w=256,signature_bytes,4612.000000000,1444.000000000,0.313096271,-68.690372940,WOTS signature-size trade-off
STATEFUL_WOTS,XMSS10_FAST,w=4,w=256,sign_mean_ms,2.948730720,44.382796290,15.051491813,1405.149181272,WOTS signing-latency trade-off
STATEFUL_WOTS,XMSS16_REF,w=4,w=16,signature_bytes,4804.000000000,2692.000000000,0.560366361,-43.963363863,WOTS signature-size trade-off
STATEFUL_WOTS,XMSS16_REF,w=4,w=16,sign_mean_ms,88062.843447490,156383.499410990,1.775817056,77.581705619,WOTS signing-latency trade-off
STATEFUL_WOTS,XMSS16_REF,w=16,w=256,signature_bytes,2692.000000000,1636.000000000,0.607726597,-39.227340267,WOTS signature-size trade-off
STATEFUL_WOTS,XMSS16_REF,w=16,w=256,sign_mean_ms,156383.499410990,1219586.873217450,7.798692815,679.869281485,WOTS signing-latency trade-off
STATEFUL_WOTS,XMSS16_REF,w=4,w=256,signature_bytes,4804.000000000,1636.000000000,0.340549542,-65.945045795,WOTS signature-size trade-off
STATEFUL_WOTS,XMSS16_REF,w=4,w=256,sign_mean_ms,88062.843447490,1219586.873217450,13.849051717,1284.905171663,WOTS signing-latency trade-off
STATEFUL_WOTS,XMSS16_FAST,w=4,w=16,signature_bytes,4804.000000000,2692.000000000,0.560366361,-43.963363863,WOTS signature-size trade-off
STATEFUL_WOTS,XMSS16_FAST,w=4,w=16,sign_mean_ms,2.963345040,6.003339740,2.025865925,102.586592481,WOTS signing-latency trade-off
STATEFUL_WOTS,XMSS16_FAST,w=16,w=256,signature_bytes,2692.000000000,1636.000000000,0.607726597,-39.227340267,WOTS signature-size trade-off
STATEFUL_WOTS,XMSS16_FAST,w=16,w=256,sign_mean_ms,6.003339740,42.529665680,7.084334308,608.433430756,WOTS signing-latency trade-off
STATEFUL_WOTS,XMSS16_FAST,w=4,w=256,signature_bytes,4804.000000000,1636.000000000,0.340549542,-65.945045795,WOTS signature-size trade-off
STATEFUL_WOTS,XMSS16_FAST,w=4,w=256,sign_mean_ms,2.963345040,42.529665680,14.351911474,1335.191147366,WOTS signing-latency trade-off
STATEFUL_WOTS,XMSSMT20_2_REF,w=4,w=16,signature_bytes,9187.000000000,4963.000000000,0.540219876,-45.978012409,WOTS signature-size trade-off
STATEFUL_WOTS,XMSSMT20_2_REF,w=4,w=16,sign_mean_ms,2748.473980350,4999.124406480,1.818872743,81.887274255,WOTS signing-latency trade-off
STATEFUL_WOTS,XMSSMT20_2_REF,w=16,w=256,signature_bytes,4963.000000000,2851.000000000,0.574450937,-42.554906307,WOTS signature-size trade-off
STATEFUL_WOTS,XMSSMT20_2_REF,w=16,w=256,sign_mean_ms,4999.124406480,38231.176362770,7.647574506,664.757450589,WOTS signing-latency trade-off
STATEFUL_WOTS,XMSSMT20_2_REF,w=4,w=256,signature_bytes,9187.000000000,2851.000000000,0.310329814,-68.967018613,WOTS signature-size trade-off
STATEFUL_WOTS,XMSSMT20_2_REF,w=4,w=256,sign_mean_ms,2748.473980350,38231.176362770,13.909964815,1290.996481542,WOTS signing-latency trade-off
STATEFUL_WOTS,XMSSMT20_2_FAST,w=4,w=16,signature_bytes,9187.000000000,4963.000000000,0.540219876,-45.978012409,WOTS signature-size trade-off
STATEFUL_WOTS,XMSSMT20_2_FAST,w=4,w=16,sign_mean_ms,4.288510730,7.824390380,1.824500595,82.450059534,WOTS signing-latency trade-off
STATEFUL_WOTS,XMSSMT20_2_FAST,w=16,w=256,signature_bytes,4963.000000000,2851.000000000,0.574450937,-42.554906307,WOTS signature-size trade-off
STATEFUL_WOTS,XMSSMT20_2_FAST,w=16,w=256,sign_mean_ms,7.824390380,60.882643980,7.781135785,678.113578479,WOTS signing-latency trade-off
STATEFUL_WOTS,XMSSMT20_2_FAST,w=4,w=256,signature_bytes,9187.000000000,2851.000000000,0.310329814,-68.967018613,WOTS signature-size trade-off
STATEFUL_WOTS,XMSSMT20_2_FAST,w=4,w=256,sign_mean_ms,4.288510730,60.882643980,14.196686872,1319.668687176,WOTS signing-latency trade-off
STATEFUL_WOTS,XMSSMT20_4_REF,w=4,w=16,signature_bytes,17699.000000000,9251.000000000,0.522684897,-47.731510255,WOTS signature-size trade-off
STATEFUL_WOTS,XMSSMT20_4_REF,w=4,w=16,sign_mean_ms,174.297749500,312.045335550,1.790300428,79.030042812,WOTS signing-latency trade-off
STATEFUL_WOTS,XMSSMT20_4_REF,w=16,w=256,signature_bytes,9251.000000000,5027.000000000,0.543400713,-45.659928656,WOTS signature-size trade-off
STATEFUL_WOTS,XMSSMT20_4_REF,w=16,w=256,sign_mean_ms,312.045335550,2420.100028390,7.755603923,675.560392250,WOTS signing-latency trade-off
STATEFUL_WOTS,XMSSMT20_4_REF,w=4,w=256,signature_bytes,17699.000000000,5027.000000000,0.284027346,-71.597265382,WOTS signature-size trade-off
STATEFUL_WOTS,XMSSMT20_4_REF,w=4,w=256,sign_mean_ms,174.297749500,2420.100028390,13.884861023,1288.486102278,WOTS signing-latency trade-off
STATEFUL_WOTS,XMSSMT20_4_FAST,w=4,w=16,signature_bytes,17699.000000000,9251.000000000,0.522684897,-47.731510255,WOTS signature-size trade-off
STATEFUL_WOTS,XMSSMT20_4_FAST,w=4,w=16,sign_mean_ms,5.363068890,9.496898740,1.770795590,77.079559013,WOTS signing-latency trade-off
STATEFUL_WOTS,XMSSMT20_4_FAST,w=16,w=256,signature_bytes,9251.000000000,5027.000000000,0.543400713,-45.659928656,WOTS signature-size trade-off
STATEFUL_WOTS,XMSSMT20_4_FAST,w=16,w=256,sign_mean_ms,9.496898740,75.368829750,7.936151771,693.615177053,WOTS signing-latency trade-off
STATEFUL_WOTS,XMSSMT20_4_FAST,w=4,w=256,signature_bytes,17699.000000000,5027.000000000,0.284027346,-71.597265382,WOTS signature-size trade-off
STATEFUL_WOTS,XMSSMT20_4_FAST,w=4,w=256,sign_mean_ms,5.363068890,75.368829750,14.053302558,1305.330255789,WOTS signing-latency trade-off
SLH_S_VS_F,SHA2_128,s,f,sign_mean_ms,657.043811830,31.574738590,0.048055758,-95.194424174,f-profile signing speedup = 20.809161x
SLH_S_VS_F,SHA2_128,s,f,signature_bytes,7856.000000000,17088.000000000,2.175152749,117.515274949,f-profile signature expansion = 2.175153x
SLH_S_VS_F,SHA2_192,s,f,sign_mean_ms,1167.256431330,51.711609170,0.044301841,-95.569815871,f-profile signing speedup = 22.572425x
SLH_S_VS_F,SHA2_192,s,f,signature_bytes,16224.000000000,35664.000000000,2.198224852,119.822485207,f-profile signature expansion = 2.198225x
SLH_S_VS_F,SHA2_256,s,f,sign_mean_ms,1037.713953450,106.656908870,0.102780644,-89.721935557,f-profile signing speedup = 9.729458x
SLH_S_VS_F,SHA2_256,s,f,signature_bytes,29792.000000000,49856.000000000,1.673469388,67.346938776,f-profile signature expansion = 1.673469x
SLH_S_VS_F,SHAKE_128,s,f,sign_mean_ms,1110.645232650,53.153554030,0.047858265,-95.214173485,f-profile signing speedup = 20.895032x
SLH_S_VS_F,SHAKE_128,s,f,signature_bytes,7856.000000000,17088.000000000,2.175152749,117.515274949,f-profile signature expansion = 2.175153x
SLH_S_VS_F,SHAKE_192,s,f,sign_mean_ms,1974.071435250,87.333485550,0.044240286,-95.575971366,f-profile signing speedup = 22.603832x
SLH_S_VS_F,SHAKE_192,s,f,signature_bytes,16224.000000000,35664.000000000,2.198224852,119.822485207,f-profile signature expansion = 2.198225x
SLH_S_VS_F,SHAKE_256,s,f,sign_mean_ms,1797.207605950,180.721813490,0.100557005,-89.944299540,f-profile signing speedup = 9.944608x
SLH_S_VS_F,SHAKE_256,s,f,signature_bytes,29792.000000000,49856.000000000,1.673469388,67.346938776,f-profile signature expansion = 1.673469x
SLH_SHA2_VS_SHAKE,128_f,SHA2,SHAKE,keygen_mean_ms,1.363557500,2.251781400,1.651401866,65.140186607,SHAKE relative to SHA2 on Raspberry Pi 5
SLH_SHA2_VS_SHAKE,128_f,SHA2,SHAKE,sign_mean_ms,31.574738590,53.153554030,1.683420240,68.342024047,SHAKE relative to SHA2 on Raspberry Pi 5
SLH_SHA2_VS_SHAKE,128_f,SHA2,SHAKE,verify_mean_ms,1.913564270,3.162424700,1.652635738,65.263573823,SHAKE relative to SHA2 on Raspberry Pi 5
SLH_SHA2_VS_SHAKE,128_s,SHA2,SHAKE,keygen_mean_ms,85.890314900,144.366074000,1.680819009,68.081900932,SHAKE relative to SHA2 on Raspberry Pi 5
SLH_SHA2_VS_SHAKE,128_s,SHA2,SHAKE,sign_mean_ms,657.043811830,1110.645232650,1.690367085,69.036708459,SHAKE relative to SHA2 on Raspberry Pi 5
SLH_SHA2_VS_SHAKE,128_s,SHA2,SHAKE,verify_mean_ms,0.661567000,1.094651430,1.654634270,65.463426985,SHAKE relative to SHA2 on Raspberry Pi 5
SLH_SHA2_VS_SHAKE,192_f,SHA2,SHAKE,keygen_mean_ms,1.957414900,3.272261200,1.671725907,67.172590747,SHAKE relative to SHA2 on Raspberry Pi 5
SLH_SHA2_VS_SHAKE,192_f,SHA2,SHAKE,sign_mean_ms,51.711609170,87.333485550,1.688856467,68.885646670,SHAKE relative to SHA2 on Raspberry Pi 5
SLH_SHA2_VS_SHAKE,192_f,SHA2,SHAKE,verify_mean_ms,2.782030410,4.574384090,1.644260995,64.426099498,SHAKE relative to SHA2 on Raspberry Pi 5
SLH_SHA2_VS_SHAKE,192_s,SHA2,SHAKE,keygen_mean_ms,125.110668600,208.968136700,1.670266325,67.026632531,SHAKE relative to SHA2 on Raspberry Pi 5
SLH_SHA2_VS_SHAKE,192_s,SHA2,SHAKE,sign_mean_ms,1167.256431330,1974.071435250,1.691206304,69.120630417,SHAKE relative to SHA2 on Raspberry Pi 5
SLH_SHA2_VS_SHAKE,192_s,SHA2,SHAKE,verify_mean_ms,0.973010340,1.577258670,1.621009156,62.100915598,SHAKE relative to SHA2 on Raspberry Pi 5
SLH_SHA2_VS_SHAKE,256_f,SHA2,SHAKE,keygen_mean_ms,5.177985100,8.707083200,1.681558180,68.155817984,SHAKE relative to SHA2 on Raspberry Pi 5
SLH_SHA2_VS_SHAKE,256_f,SHA2,SHAKE,sign_mean_ms,106.656908870,180.721813490,1.694422006,69.442200608,SHAKE relative to SHA2 on Raspberry Pi 5
SLH_SHA2_VS_SHAKE,256_f,SHA2,SHAKE,verify_mean_ms,2.845690560,4.631405030,1.627515337,62.751533673,SHAKE relative to SHA2 on Raspberry Pi 5
SLH_SHA2_VS_SHAKE,256_s,SHA2,SHAKE,keygen_mean_ms,82.854651800,137.736374000,1.662385527,66.238552704,SHAKE relative to SHA2 on Raspberry Pi 5
SLH_SHA2_VS_SHAKE,256_s,SHA2,SHAKE,sign_mean_ms,1037.713953450,1797.207605950,1.731891144,73.189114397,SHAKE relative to SHA2 on Raspberry Pi 5
SLH_SHA2_VS_SHAKE,256_s,SHA2,SHAKE,verify_mean_ms,1.431434110,2.326005030,1.624947326,62.494732643,SHAKE relative to SHA2 on Raspberry Pi 5
