parameter_set,key_rep,boundary_index,window_start_index,window_end_index,n,mean_sign_ns,median_sign_ns,sd_sign_ns,cv_sign_pct,min_sign_ns,boundary_sign_ns,max_sign_ns,max_relative_index,max_signature_index
XMSSMT-SHA2_20/2_256,PUB_R1,1024,1020,1028,9,6427370.333333,6040389.000000,1903821.399915,29.620534,3648592,6109852,10842926,3,1027
XMSSMT-SHA2_20/2_256,PUB_R1,2048,2044,2052,9,6542230.444444,6191593.000000,1929720.924428,29.496377,3696889,5996222,11026759,3,2051
XMSSMT-SHA2_20/2_256,PUB_R1,3072,3068,3076,9,6539465.222222,6163130.000000,1898722.599611,29.034830,3699481,6124648,10937963,3,3075
XMSSMT-SHA2_20/2_256,PUB_R2,1024,1020,1028,9,6313985.555556,5936611.000000,1888391.214126,29.908070,3619333,5940722,10726444,3,1027
XMSSMT-SHA2_20/2_256,PUB_R2,2048,2044,2052,9,9567600.888889,7149259.000000,5977400.033407,62.475432,3594482,6072296,23069315,3,2051
XMSSMT-SHA2_20/2_256,PUB_R2,3072,3068,3076,9,6216448.666667,5844574.000000,1829484.732123,29.429741,3606037,5786389,10520297,3,3075
XMSSMT-SHA2_20/2_256,PUB_R3,1024,1020,1028,9,6303539.111111,5922963.000000,1875382.798334,29.751268,3521426,5922963,10634445,3,1027
XMSSMT-SHA2_20/2_256,PUB_R3,2048,2044,2052,9,6267425.777778,5928796.000000,1847274.246672,29.474210,3488833,5771777,10530555,3,2051
XMSSMT-SHA2_20/2_256,PUB_R3,3072,3068,3076,9,6279555.444444,5897463.000000,1839167.478603,29.288180,3551926,5865203,10527667,3,3075
XMSSMT-SHA2_20/4_256,PUB_R1,32,28,36,9,10761113.111111,11630926.000000,1276789.485403,11.864846,9090686,11894130,11894130,0,32
XMSSMT-SHA2_20/4_256,PUB_R1,64,60,68,9,8383382.666667,9111426.000000,1190513.435209,14.200872,6408370,9202241,9202241,0,64
XMSSMT-SHA2_20/4_256,PUB_R1,96,92,100,9,8378675.000000,9031185.000000,1187433.427678,14.172091,6382741,9250686,9250686,0,96
XMSSMT-SHA2_20/4_256,PUB_R1,128,124,132,9,7590232.666667,6675612.000000,2265664.135547,29.849732,3960611,11832537,11832537,0,128
XMSSMT-SHA2_20/4_256,PUB_R1,160,156,164,9,6978888.888889,6577370.000000,1596700.603256,22.879009,4012648,6325871,9254852,3,163
XMSSMT-SHA2_20/4_256,PUB_R1,192,188,196,9,6962716.000000,6593389.000000,1587629.515839,22.801871,3891074,6505463,9200944,4,196
XMSSMT-SHA2_20/4_256,PUB_R1,224,220,228,9,7001168.666667,6536074.000000,1621351.237136,23.158294,3973000,6605000,9266926,4,228
XMSSMT-SHA2_20/4_256,PUB_R1,256,252,260,9,8677528.777778,9098260.000000,2830607.395920,32.619971,3859148,11882574,11882574,0,256
XMSSMT-SHA2_20/4_256,PUB_R1,288,284,292,9,6967475.333333,6567741.000000,1605998.774807,23.049938,3939093,6535796,9245555,4,292
XMSSMT-SHA2_20/4_256,PUB_R1,320,316,324,9,6968948.333333,6636926.000000,1570424.388364,22.534597,3923537,6532851,9081277,4,324
XMSSMT-SHA2_20/4_256,PUB_R1,352,348,356,9,6939139.888889,6533759.000000,1621950.687219,23.373944,3874648,6533759,9172907,4,356
XMSSMT-SHA2_20/4_256,PUB_R1,384,380,388,9,7552333.444444,6626852.000000,2300585.188440,30.461912,3749389,11831241,11831241,0,384
XMSSMT-SHA2_20/4_256,PUB_R1,416,412,420,9,7056063.777778,6654092.000000,1579245.749028,22.381398,4033778,6499407,9191500,3,419
XMSSMT-SHA2_20/4_256,PUB_R1,448,444,452,9,6954924.000000,6645297.000000,1630029.746642,23.437061,3891926,6385315,9276667,4,452
XMSSMT-SHA2_20/4_256,PUB_R1,480,476,484,9,7024107.000000,6588834.000000,1584044.981075,22.551550,4031852,6581500,9261648,3,483
XMSSMT-SHA2_20/4_256,PUB_R1,512,508,516,9,8764790.111111,9246982.000000,2813658.014253,32.101830,3884926,11948926,11948926,0,512
XMSSMT-SHA2_20/4_256,PUB_R1,544,540,548,9,7006991.777778,6603315.000000,1622746.107095,23.158955,3955685,6422574,9251334,3,547
XMSSMT-SHA2_20/4_256,PUB_R1,576,572,580,9,6964127.666667,6539630.000000,1629284.596065,23.395387,3867833,6385352,9160297,4,580
XMSSMT-SHA2_20/4_256,PUB_R1,608,604,612,9,7007417.555556,6582296.000000,1588017.237634,22.661947,4076055,6523240,9230907,3,611
XMSSMT-SHA2_20/4_256,PUB_R1,640,636,644,9,7514557.777778,6666648.000000,2277781.408740,30.311583,3836648,11855519,11855519,0,640
XMSSMT-SHA2_20/4_256,PUB_R1,672,668,676,9,6985730.333333,6601777.000000,1631547.639122,23.355434,3812796,6601777,9168463,3,675
XMSSMT-SHA2_20/4_256,PUB_R1,704,700,708,9,6983705.888889,6582278.000000,1678724.450769,24.037731,3768463,6396222,9286871,3,707
XMSSMT-SHA2_20/4_256,PUB_R1,736,732,740,9,6966571.888889,6609407.000000,1588171.191113,22.797026,3975259,6451333,9245297,4,740
XMSSMT-SHA2_20/4_256,PUB_R1,768,764,772,9,7553343.555556,6649981.000000,2265759.806390,29.996779,3931092,11784093,11784093,0,768
XMSSMT-SHA2_20/4_256,PUB_R1,800,796,804,9,6951950.666667,6641537.000000,1605464.288718,23.093724,3847908,6357667,9188000,4,804
XMSSMT-SHA2_20/4_256,PUB_R1,832,828,836,9,6948090.555556,6572000.000000,1568971.490683,22.581333,3907352,6450296,9128370,3,835
XMSSMT-SHA2_20/4_256,PUB_R1,864,860,868,9,6981588.444444,6591777.000000,1651180.854152,23.650504,3882389,6416204,9232759,3,867
XMSSMT-SHA2_20/4_256,PUB_R1,896,892,900,9,6973203.444444,6525129.000000,1643653.325582,23.570993,3857389,6655314,9225796,4,900
XMSSMT-SHA2_20/4_256,PUB_R1,928,924,932,9,6926940.333333,6539314.000000,1651532.314245,23.842162,3771222,6502278,9254111,4,932
XMSSMT-SHA2_20/4_256,PUB_R1,960,956,964,9,6655461.000000,6533074.000000,1657831.379312,24.909340,3771185,6557704,9173167,3,963
XMSSMT-SHA2_20/4_256,PUB_R1,992,988,996,9,6978355.888889,6585148.000000,1631496.068237,23.379376,3940518,6577797,9306686,3,995
XMSSMT-SHA2_20/4_256,PUB_R2,32,28,36,9,9854921.777778,10692833.000000,1170708.927639,11.879434,8304149,10692833,10864000,2,34
XMSSMT-SHA2_20/4_256,PUB_R2,64,60,68,9,7669518.555556,8235574.000000,1068395.391973,13.930410,5838871,8398870,8462815,-4,60
XMSSMT-SHA2_20/4_256,PUB_R2,96,92,100,9,7660255.222222,8297629.000000,1064410.779105,13.895239,5956148,8346815,8494445,-4,92
XMSSMT-SHA2_20/4_256,PUB_R2,128,124,132,9,6877417.777778,5983037.000000,2072053.251649,30.128361,3487685,10713130,10713130,0,128
XMSSMT-SHA2_20/4_256,PUB_R2,160,156,164,9,6323522.666667,5970463.000000,1511681.423065,23.905685,3488537,5756611,8415981,4,164
XMSSMT-SHA2_20/4_256,PUB_R2,192,188,196,9,6326055.666667,5978685.000000,1421772.427418,22.474864,3636408,5828833,8370815,3,195
XMSSMT-SHA2_20/4_256,PUB_R2,224,220,228,9,6354426.111111,5969871.000000,1466931.326721,23.085190,3528852,6116074,8334963,4,228
XMSSMT-SHA2_20/4_256,PUB_R2,256,252,260,9,8020810.555556,8391963.000000,2557818.249397,31.889773,3519018,10829907,10829907,0,256
XMSSMT-SHA2_20/4_256,PUB_R2,288,284,292,9,6334428.000000,5976352.000000,1476920.878730,23.315773,3617037,5818167,8441740,3,291
XMSSMT-SHA2_20/4_256,PUB_R2,320,316,324,9,6281146.111111,5955297.000000,1492317.559409,23.758682,3407389,5770833,8373815,4,324
XMSSMT-SHA2_20/4_256,PUB_R2,352,348,356,9,6308876.666667,5984075.000000,1434182.128011,22.732765,3555907,5775704,8348167,4,356
XMSSMT-SHA2_20/4_256,PUB_R2,384,380,388,9,6862475.222222,5992463.000000,2113297.360137,30.794973,3520722,10940592,10940592,0,384
XMSSMT-SHA2_20/4_256,PUB_R2,416,412,420,9,6331977.444444,5927074.000000,1498434.249849,23.664554,3518723,5912203,8446352,4,420
XMSSMT-SHA2_20/4_256,PUB_R2,448,444,452,9,6344596.555556,6009611.000000,1475919.855669,23.262627,3521167,5928204,8383314,3,451
XMSSMT-SHA2_20/4_256,PUB_R2,480,476,484,9,6353473.000000,6022926.000000,1421311.785330,22.370628,3655629,5920777,8342278,4,484
XMSSMT-SHA2_20/4_256,PUB_R2,512,508,516,9,7955333.555556,8315482.000000,2535850.517623,31.876106,3583796,10613056,10853889,2,514
XMSSMT-SHA2_20/4_256,PUB_R2,544,540,548,9,6287709.777778,5901055.000000,1504612.204855,23.929416,3487889,5800500,8434407,3,547
XMSSMT-SHA2_20/4_256,PUB_R2,576,572,580,9,6368911.444444,6106259.000000,1528319.113832,23.996551,3434111,5986241,8514592,3,579
XMSSMT-SHA2_20/4_256,PUB_R2,608,604,612,9,6351566.000000,6004370.000000,1478331.641102,23.275073,3593982,5932019,8470963,3,611
XMSSMT-SHA2_20/4_256,PUB_R2,640,636,644,9,6867442.111111,6045740.000000,2039729.062308,29.701438,3516166,10604593,10604593,0,640
XMSSMT-SHA2_20/4_256,PUB_R2,672,668,676,9,6355643.777778,5974278.000000,1441995.168238,22.688420,3611629,5908425,8350870,3,675
XMSSMT-SHA2_20/4_256,PUB_R2,704,700,708,9,6302720.222222,6010241.000000,1457913.609346,23.131498,3559278,6016463,8360592,4,708
XMSSMT-SHA2_20/4_256,PUB_R2,736,732,740,9,6272216.111111,5960871.000000,1440698.604839,22.969531,3500241,5992371,8328167,4,740
XMSSMT-SHA2_20/4_256,PUB_R2,768,764,772,9,6838893.000000,6088759.000000,2011071.817527,29.406394,3581277,10630926,10630926,0,768
XMSSMT-SHA2_20/4_256,PUB_R2,800,796,804,9,6258140.000000,5931259.000000,1456800.745743,23.278494,3403741,5836833,8237926,4,804
XMSSMT-SHA2_20/4_256,PUB_R2,832,828,836,9,6308625.333333,5980519.000000,1440771.056436,22.838114,3554074,5980519,8311277,3,835
XMSSMT-SHA2_20/4_256,PUB_R2,864,860,868,9,6346446.555556,6039241.000000,1441906.662530,22.719906,3553019,6039241,8340389,4,868
XMSSMT-SHA2_20/4_256,PUB_R2,896,892,900,9,6293539.000000,5929445.000000,1536439.801715,24.412970,3372833,5913740,8498334,3,899
XMSSMT-SHA2_20/4_256,PUB_R2,928,924,932,9,6351039.222222,5956852.000000,1468117.530096,23.116178,3495223,5933870,8362000,4,932
XMSSMT-SHA2_20/4_256,PUB_R2,960,956,964,9,6050718.000000,5942907.000000,1527757.556039,25.249194,3487037,5916444,8353593,4,964
XMSSMT-SHA2_20/4_256,PUB_R2,992,988,996,9,6260829.222222,5909926.000000,1533547.441865,24.494318,3394389,5751148,8444278,4,996
XMSSMT-SHA2_20/4_256,PUB_R3,32,28,36,9,10027596.666667,10926222.000000,1198974.687805,11.956750,8473074,11094852,11094852,0,32
XMSSMT-SHA2_20/4_256,PUB_R3,64,60,68,9,7816360.000000,8394296.000000,994444.147293,12.722599,6172130,8320926,8500389,3,67
XMSSMT-SHA2_20/4_256,PUB_R3,96,92,100,9,7747216.111111,8353760.000000,1154350.014526,14.900191,5893000,8695333,8695333,0,96
XMSSMT-SHA2_20/4_256,PUB_R3,128,124,132,9,7003234.333333,6133722.000000,2105172.245893,30.060000,3752518,11012074,11012074,0,128
XMSSMT-SHA2_20/4_256,PUB_R3,160,156,164,9,6388784.111111,6075185.000000,1433424.630252,22.436580,3662482,6035075,8531389,3,163
XMSSMT-SHA2_20/4_256,PUB_R3,192,188,196,9,6469028.888889,6141167.000000,1428536.606321,22.082706,3744778,6141167,8407093,4,196
XMSSMT-SHA2_20/4_256,PUB_R3,224,220,228,9,6460487.666667,6131759.000000,1436559.846122,22.236090,3787963,6026148,8550426,4,228
XMSSMT-SHA2_20/4_256,PUB_R3,256,252,260,9,8098639.777778,8454759.000000,2614985.377932,32.289192,3623574,10913778,11059537,2,258
XMSSMT-SHA2_20/4_256,PUB_R3,288,284,292,9,6476448.555556,6089760.000000,1581379.092653,24.417381,3460018,6065389,8658426,3,291
XMSSMT-SHA2_20/4_256,PUB_R3,320,316,324,9,6451109.111111,6062834.000000,1527712.234223,23.681389,3568981,6034241,8547315,4,324
XMSSMT-SHA2_20/4_256,PUB_R3,352,348,356,9,6415067.777778,6104074.000000,1503957.151968,23.444135,3503851,6128815,8506519,3,355
XMSSMT-SHA2_20/4_256,PUB_R3,384,380,388,9,6925528.777778,6062481.000000,2140851.239184,30.912459,3424519,10933333,10933333,0,384
XMSSMT-SHA2_20/4_256,PUB_R3,416,412,420,9,6415872.555556,6060814.000000,1482395.988484,23.105135,3629648,6060814,8561056,4,420
XMSSMT-SHA2_20/4_256,PUB_R3,448,444,452,9,6432641.888889,6096352.000000,1457426.289120,22.656730,3598870,6209148,8455500,3,451
XMSSMT-SHA2_20/4_256,PUB_R3,480,476,484,9,6454294.333333,6099963.000000,1480659.749872,22.940691,3560259,6097185,8498611,3,483
XMSSMT-SHA2_20/4_256,PUB_R3,512,508,516,9,8071092.666667,8461981.000000,2612010.756705,32.362542,3466815,10936648,10957074,4,516
XMSSMT-SHA2_20/4_256,PUB_R3,544,540,548,9,6431154.333333,6058870.000000,1560977.822474,24.272125,3462481,6041981,8602000,3,547
XMSSMT-SHA2_20/4_256,PUB_R3,576,572,580,9,6458002.000000,6095000.000000,1523105.417808,23.584778,3513407,6083611,8644926,3,579
XMSSMT-SHA2_20/4_256,PUB_R3,608,604,612,9,6398654.333333,6103778.000000,1533492.637499,23.965862,3442000,5901574,8491167,3,611
XMSSMT-SHA2_20/4_256,PUB_R3,640,636,644,9,7014215.777778,6176278.000000,2092791.756986,29.836433,3657963,10941203,10941203,0,640
XMSSMT-SHA2_20/4_256,PUB_R3,672,668,676,9,6434487.777778,6057908.000000,1505049.734456,23.390358,3642889,5885482,8592778,3,675
XMSSMT-SHA2_20/4_256,PUB_R3,704,700,708,9,6468839.555556,6173482.000000,1501758.193273,23.215264,3690685,6175630,8691870,4,708
XMSSMT-SHA2_20/4_256,PUB_R3,736,732,740,9,6443827.222222,6183371.000000,1505138.517292,23.357835,3560481,5905870,8555630,3,739
XMSSMT-SHA2_20/4_256,PUB_R3,768,764,772,9,6972463.000000,6164407.000000,2112198.263936,30.293431,3653834,10987574,10987574,0,768
XMSSMT-SHA2_20/4_256,PUB_R3,800,796,804,9,6463678.777778,6063611.000000,1501806.882277,23.234553,3663296,6033444,8561926,3,803
XMSSMT-SHA2_20/4_256,PUB_R3,832,828,836,9,6452769.444444,6104129.000000,1473193.641978,22.830409,3660593,6012611,8495092,3,835
XMSSMT-SHA2_20/4_256,PUB_R3,864,860,868,9,6433226.444444,6072130.000000,1551176.583456,24.111954,3461148,6004482,8563870,3,867
XMSSMT-SHA2_20/4_256,PUB_R3,896,892,900,9,6455201.777778,6082797.000000,1501136.287807,23.254676,3680722,6082797,8628204,4,900
XMSSMT-SHA2_20/4_256,PUB_R3,928,924,932,9,6468094.666667,6126778.000000,1496848.340838,23.142029,3621277,6098277,8491722,3,931
XMSSMT-SHA2_20/4_256,PUB_R3,960,956,964,9,6270055.555556,6101555.000000,1546738.813850,24.668662,3640260,6175259,8596481,4,964
XMSSMT-SHA2_20/4_256,PUB_R3,992,988,996,9,6457376.666667,6104666.000000,1549020.785803,23.988391,3427112,6104666,8581278,3,995
