parameter_set,key_rep,boundary_index,relative_index,signature_index,sign_ns
XMSSMT-SHA2_20/2_256,PUB_R1,1024,-4,1020,6102648
XMSSMT-SHA2_20/2_256,PUB_R1,1024,-3,1021,3648592
XMSSMT-SHA2_20/2_256,PUB_R1,1024,-2,1022,5949834
XMSSMT-SHA2_20/2_256,PUB_R1,1024,-1,1023,7273722
XMSSMT-SHA2_20/2_256,PUB_R1,1024,0,1024,6109852
XMSSMT-SHA2_20/2_256,PUB_R1,1024,1,1025,5922944
XMSSMT-SHA2_20/2_256,PUB_R1,1024,2,1026,5955426
XMSSMT-SHA2_20/2_256,PUB_R1,1024,3,1027,10842926
XMSSMT-SHA2_20/2_256,PUB_R1,1024,4,1028,6040389
XMSSMT-SHA2_20/2_256,PUB_R1,2048,-4,2044,6149018
XMSSMT-SHA2_20/2_256,PUB_R1,2048,-3,2045,3696889
XMSSMT-SHA2_20/2_256,PUB_R1,2048,-2,2046,6202722
XMSSMT-SHA2_20/2_256,PUB_R1,2048,-1,2047,7306334
XMSSMT-SHA2_20/2_256,PUB_R1,2048,0,2048,5996222
XMSSMT-SHA2_20/2_256,PUB_R1,2048,1,2049,6223574
XMSSMT-SHA2_20/2_256,PUB_R1,2048,2,2050,6191593
XMSSMT-SHA2_20/2_256,PUB_R1,2048,3,2051,11026759
XMSSMT-SHA2_20/2_256,PUB_R1,2048,4,2052,6086963
XMSSMT-SHA2_20/2_256,PUB_R1,3072,-4,3068,6163130
XMSSMT-SHA2_20/2_256,PUB_R1,3072,-3,3069,3699481
XMSSMT-SHA2_20/2_256,PUB_R1,3072,-2,3070,6140408
XMSSMT-SHA2_20/2_256,PUB_R1,3072,-1,3071,7270149
XMSSMT-SHA2_20/2_256,PUB_R1,3072,0,3072,6124648
XMSSMT-SHA2_20/2_256,PUB_R1,3072,1,3073,6236704
XMSSMT-SHA2_20/2_256,PUB_R1,3072,2,3074,6059537
XMSSMT-SHA2_20/2_256,PUB_R1,3072,3,3075,10937963
XMSSMT-SHA2_20/2_256,PUB_R1,3072,4,3076,6223167
XMSSMT-SHA2_20/2_256,PUB_R2,1024,-4,1020,5730889
XMSSMT-SHA2_20/2_256,PUB_R2,1024,-3,1021,3619333
XMSSMT-SHA2_20/2_256,PUB_R2,1024,-2,1022,5878148
XMSSMT-SHA2_20/2_256,PUB_R2,1024,-1,1023,7141074
XMSSMT-SHA2_20/2_256,PUB_R2,1024,0,1024,5940722
XMSSMT-SHA2_20/2_256,PUB_R2,1024,1,1025,5936611
XMSSMT-SHA2_20/2_256,PUB_R2,1024,2,1026,5947519
XMSSMT-SHA2_20/2_256,PUB_R2,1024,3,1027,10726444
XMSSMT-SHA2_20/2_256,PUB_R2,1024,4,1028,5905130
XMSSMT-SHA2_20/2_256,PUB_R2,2048,-4,2044,5853148
XMSSMT-SHA2_20/2_256,PUB_R2,2048,-3,2045,3594482
XMSSMT-SHA2_20/2_256,PUB_R2,2048,-2,2046,5982482
XMSSMT-SHA2_20/2_256,PUB_R2,2048,-1,2047,7149259
XMSSMT-SHA2_20/2_256,PUB_R2,2048,0,2048,6072296
XMSSMT-SHA2_20/2_256,PUB_R2,2048,1,2049,10035630
XMSSMT-SHA2_20/2_256,PUB_R2,2048,2,2050,10017333
XMSSMT-SHA2_20/2_256,PUB_R2,2048,3,2051,23069315
XMSSMT-SHA2_20/2_256,PUB_R2,2048,4,2052,14334463
XMSSMT-SHA2_20/2_256,PUB_R2,3072,-4,3068,5781018
XMSSMT-SHA2_20/2_256,PUB_R2,3072,-3,3069,3606037
XMSSMT-SHA2_20/2_256,PUB_R2,3072,-2,3070,5844574
XMSSMT-SHA2_20/2_256,PUB_R2,3072,-1,3071,6906778
XMSSMT-SHA2_20/2_256,PUB_R2,3072,0,3072,5786389
XMSSMT-SHA2_20/2_256,PUB_R2,3072,1,3073,5897222
XMSSMT-SHA2_20/2_256,PUB_R2,3072,2,3074,5751167
XMSSMT-SHA2_20/2_256,PUB_R2,3072,3,3075,10520297
XMSSMT-SHA2_20/2_256,PUB_R2,3072,4,3076,5854556
XMSSMT-SHA2_20/2_256,PUB_R3,1024,-4,1020,5829666
XMSSMT-SHA2_20/2_256,PUB_R3,1024,-3,1021,3521426
XMSSMT-SHA2_20/2_256,PUB_R3,1024,-2,1022,5896759
XMSSMT-SHA2_20/2_256,PUB_R3,1024,-1,1023,7126037
XMSSMT-SHA2_20/2_256,PUB_R3,1024,0,1024,5922963
XMSSMT-SHA2_20/2_256,PUB_R3,1024,1,1025,5992945
XMSSMT-SHA2_20/2_256,PUB_R3,1024,2,1026,5981833
XMSSMT-SHA2_20/2_256,PUB_R3,1024,3,1027,10634445
XMSSMT-SHA2_20/2_256,PUB_R3,1024,4,1028,5825778
XMSSMT-SHA2_20/2_256,PUB_R3,2048,-4,2044,5929019
XMSSMT-SHA2_20/2_256,PUB_R3,2048,-3,2045,3488833
XMSSMT-SHA2_20/2_256,PUB_R3,2048,-2,2046,5863555
XMSSMT-SHA2_20/2_256,PUB_R3,2048,-1,2047,7005760
XMSSMT-SHA2_20/2_256,PUB_R3,2048,0,2048,5771777
XMSSMT-SHA2_20/2_256,PUB_R3,2048,1,2049,5928796
XMSSMT-SHA2_20/2_256,PUB_R3,2048,2,2050,6023519
XMSSMT-SHA2_20/2_256,PUB_R3,2048,3,2051,10530555
XMSSMT-SHA2_20/2_256,PUB_R3,2048,4,2052,5865018
XMSSMT-SHA2_20/2_256,PUB_R3,3072,-4,3068,5932315
XMSSMT-SHA2_20/2_256,PUB_R3,3072,-3,3069,3551926
XMSSMT-SHA2_20/2_256,PUB_R3,3072,-2,3070,5860518
XMSSMT-SHA2_20/2_256,PUB_R3,3072,-1,3071,7092426
XMSSMT-SHA2_20/2_256,PUB_R3,3072,0,3072,5865203
XMSSMT-SHA2_20/2_256,PUB_R3,3072,1,3073,5860055
XMSSMT-SHA2_20/2_256,PUB_R3,3072,2,3074,5928426
XMSSMT-SHA2_20/2_256,PUB_R3,3072,3,3075,10527667
XMSSMT-SHA2_20/2_256,PUB_R3,3072,4,3076,5897463
XMSSMT-SHA2_20/4_256,PUB_R1,32,-4,28,11630926
XMSSMT-SHA2_20/4_256,PUB_R1,32,-3,29,9184611
XMSSMT-SHA2_20/4_256,PUB_R1,32,-2,30,11798889
XMSSMT-SHA2_20/4_256,PUB_R1,32,-1,31,10539722
XMSSMT-SHA2_20/4_256,PUB_R1,32,0,32,11894130
XMSSMT-SHA2_20/4_256,PUB_R1,32,1,33,9090686
XMSSMT-SHA2_20/4_256,PUB_R1,32,2,34,11779296
XMSSMT-SHA2_20/4_256,PUB_R1,32,3,35,9164240
XMSSMT-SHA2_20/4_256,PUB_R1,32,4,36,11767518
XMSSMT-SHA2_20/4_256,PUB_R1,64,-4,60,9198204
XMSSMT-SHA2_20/4_256,PUB_R1,64,-3,61,6506093
XMSSMT-SHA2_20/4_256,PUB_R1,64,-2,62,8990814
XMSSMT-SHA2_20/4_256,PUB_R1,64,-1,63,7705074
XMSSMT-SHA2_20/4_256,PUB_R1,64,0,64,9202241
XMSSMT-SHA2_20/4_256,PUB_R1,64,1,65,6408370
XMSSMT-SHA2_20/4_256,PUB_R1,64,2,66,9141444
XMSSMT-SHA2_20/4_256,PUB_R1,64,3,67,9111426
XMSSMT-SHA2_20/4_256,PUB_R1,64,4,68,9186778
XMSSMT-SHA2_20/4_256,PUB_R1,96,-4,92,9031185
XMSSMT-SHA2_20/4_256,PUB_R1,96,-3,93,6430222
XMSSMT-SHA2_20/4_256,PUB_R1,96,-2,94,9180666
XMSSMT-SHA2_20/4_256,PUB_R1,96,-1,95,7916185
XMSSMT-SHA2_20/4_256,PUB_R1,96,0,96,9250686
XMSSMT-SHA2_20/4_256,PUB_R1,96,1,97,6382741
XMSSMT-SHA2_20/4_256,PUB_R1,96,2,98,8997648
XMSSMT-SHA2_20/4_256,PUB_R1,96,3,99,9162019
XMSSMT-SHA2_20/4_256,PUB_R1,96,4,100,9056723
XMSSMT-SHA2_20/4_256,PUB_R1,128,-4,124,6476334
XMSSMT-SHA2_20/4_256,PUB_R1,128,-3,125,3960611
XMSSMT-SHA2_20/4_256,PUB_R1,128,-2,126,6409703
XMSSMT-SHA2_20/4_256,PUB_R1,128,-1,127,7879315
XMSSMT-SHA2_20/4_256,PUB_R1,128,0,128,11832537
XMSSMT-SHA2_20/4_256,PUB_R1,128,1,129,6614871
XMSSMT-SHA2_20/4_256,PUB_R1,128,2,130,6675612
XMSSMT-SHA2_20/4_256,PUB_R1,128,3,131,9211055
XMSSMT-SHA2_20/4_256,PUB_R1,128,4,132,9252056
XMSSMT-SHA2_20/4_256,PUB_R1,160,-4,156,6645259
XMSSMT-SHA2_20/4_256,PUB_R1,160,-3,157,4012648
XMSSMT-SHA2_20/4_256,PUB_R1,160,-2,158,6572445
XMSSMT-SHA2_20/4_256,PUB_R1,160,-1,159,7775722
XMSSMT-SHA2_20/4_256,PUB_R1,160,0,160,6325871
XMSSMT-SHA2_20/4_256,PUB_R1,160,1,161,6577370
XMSSMT-SHA2_20/4_256,PUB_R1,160,2,162,6501333
XMSSMT-SHA2_20/4_256,PUB_R1,160,3,163,9254852
XMSSMT-SHA2_20/4_256,PUB_R1,160,4,164,9144500
XMSSMT-SHA2_20/4_256,PUB_R1,192,-4,188,6612185
XMSSMT-SHA2_20/4_256,PUB_R1,192,-3,189,3891074
XMSSMT-SHA2_20/4_256,PUB_R1,192,-2,190,6560519
XMSSMT-SHA2_20/4_256,PUB_R1,192,-1,191,7775222
XMSSMT-SHA2_20/4_256,PUB_R1,192,0,192,6505463
XMSSMT-SHA2_20/4_256,PUB_R1,192,1,193,6593389
XMSSMT-SHA2_20/4_256,PUB_R1,192,2,194,6507981
XMSSMT-SHA2_20/4_256,PUB_R1,192,3,195,9017667
XMSSMT-SHA2_20/4_256,PUB_R1,192,4,196,9200944
XMSSMT-SHA2_20/4_256,PUB_R1,224,-4,220,6528500
XMSSMT-SHA2_20/4_256,PUB_R1,224,-3,221,3973000
XMSSMT-SHA2_20/4_256,PUB_R1,224,-2,222,6536074
XMSSMT-SHA2_20/4_256,PUB_R1,224,-1,223,7857370
XMSSMT-SHA2_20/4_256,PUB_R1,224,0,224,6605000
XMSSMT-SHA2_20/4_256,PUB_R1,224,1,225,6526593
XMSSMT-SHA2_20/4_256,PUB_R1,224,2,226,6498074
XMSSMT-SHA2_20/4_256,PUB_R1,224,3,227,9218981
XMSSMT-SHA2_20/4_256,PUB_R1,224,4,228,9266926
XMSSMT-SHA2_20/4_256,PUB_R1,256,-4,252,6390463
XMSSMT-SHA2_20/4_256,PUB_R1,256,-3,253,3859148
XMSSMT-SHA2_20/4_256,PUB_R1,256,-2,254,6314741
XMSSMT-SHA2_20/4_256,PUB_R1,256,-1,255,7885482
XMSSMT-SHA2_20/4_256,PUB_R1,256,0,256,11882574
XMSSMT-SHA2_20/4_256,PUB_R1,256,1,257,9098260
XMSSMT-SHA2_20/4_256,PUB_R1,256,2,258,11676555
XMSSMT-SHA2_20/4_256,PUB_R1,256,3,259,9193481
XMSSMT-SHA2_20/4_256,PUB_R1,256,4,260,11797055
XMSSMT-SHA2_20/4_256,PUB_R1,288,-4,284,6567741
XMSSMT-SHA2_20/4_256,PUB_R1,288,-3,285,3939093
XMSSMT-SHA2_20/4_256,PUB_R1,288,-2,286,6531259
XMSSMT-SHA2_20/4_256,PUB_R1,288,-1,287,7670241
XMSSMT-SHA2_20/4_256,PUB_R1,288,0,288,6535796
XMSSMT-SHA2_20/4_256,PUB_R1,288,1,289,6654593
XMSSMT-SHA2_20/4_256,PUB_R1,288,2,290,6399537
XMSSMT-SHA2_20/4_256,PUB_R1,288,3,291,9163463
XMSSMT-SHA2_20/4_256,PUB_R1,288,4,292,9245555
XMSSMT-SHA2_20/4_256,PUB_R1,320,-4,316,6636926
XMSSMT-SHA2_20/4_256,PUB_R1,320,-3,317,3923537
XMSSMT-SHA2_20/4_256,PUB_R1,320,-2,318,6477814
XMSSMT-SHA2_20/4_256,PUB_R1,320,-1,319,7874926
XMSSMT-SHA2_20/4_256,PUB_R1,320,0,320,6532851
XMSSMT-SHA2_20/4_256,PUB_R1,320,1,321,6668722
XMSSMT-SHA2_20/4_256,PUB_R1,320,2,322,6481185
XMSSMT-SHA2_20/4_256,PUB_R1,320,3,323,9043297
XMSSMT-SHA2_20/4_256,PUB_R1,320,4,324,9081277
XMSSMT-SHA2_20/4_256,PUB_R1,352,-4,348,6471463
XMSSMT-SHA2_20/4_256,PUB_R1,352,-3,349,3874648
XMSSMT-SHA2_20/4_256,PUB_R1,352,-2,350,6519908
XMSSMT-SHA2_20/4_256,PUB_R1,352,-1,351,7786481
XMSSMT-SHA2_20/4_256,PUB_R1,352,0,352,6533759
XMSSMT-SHA2_20/4_256,PUB_R1,352,1,353,6362352
XMSSMT-SHA2_20/4_256,PUB_R1,352,2,354,6573148
XMSSMT-SHA2_20/4_256,PUB_R1,352,3,355,9157593
XMSSMT-SHA2_20/4_256,PUB_R1,352,4,356,9172907
XMSSMT-SHA2_20/4_256,PUB_R1,384,-4,380,6537241
XMSSMT-SHA2_20/4_256,PUB_R1,384,-3,381,3749389
XMSSMT-SHA2_20/4_256,PUB_R1,384,-2,382,6626852
XMSSMT-SHA2_20/4_256,PUB_R1,384,-1,383,7602426
XMSSMT-SHA2_20/4_256,PUB_R1,384,0,384,11831241
XMSSMT-SHA2_20/4_256,PUB_R1,384,1,385,6537778
XMSSMT-SHA2_20/4_256,PUB_R1,384,2,386,6595222
XMSSMT-SHA2_20/4_256,PUB_R1,384,3,387,9278241
XMSSMT-SHA2_20/4_256,PUB_R1,384,4,388,9212611
XMSSMT-SHA2_20/4_256,PUB_R1,416,-4,412,6561908
XMSSMT-SHA2_20/4_256,PUB_R1,416,-3,413,4033778
XMSSMT-SHA2_20/4_256,PUB_R1,416,-2,414,6749445
XMSSMT-SHA2_20/4_256,PUB_R1,416,-1,415,8114000
XMSSMT-SHA2_20/4_256,PUB_R1,416,0,416,6499407
XMSSMT-SHA2_20/4_256,PUB_R1,416,1,417,6611759
XMSSMT-SHA2_20/4_256,PUB_R1,416,2,418,6654092
XMSSMT-SHA2_20/4_256,PUB_R1,416,3,419,9191500
XMSSMT-SHA2_20/4_256,PUB_R1,416,4,420,9088685
XMSSMT-SHA2_20/4_256,PUB_R1,448,-4,444,6675833
XMSSMT-SHA2_20/4_256,PUB_R1,448,-3,445,3891926
XMSSMT-SHA2_20/4_256,PUB_R1,448,-2,446,6645297
XMSSMT-SHA2_20/4_256,PUB_R1,448,-1,447,7889167
XMSSMT-SHA2_20/4_256,PUB_R1,448,0,448,6385315
XMSSMT-SHA2_20/4_256,PUB_R1,448,1,449,6380667
XMSSMT-SHA2_20/4_256,PUB_R1,448,2,450,6383537
XMSSMT-SHA2_20/4_256,PUB_R1,448,3,451,9065907
XMSSMT-SHA2_20/4_256,PUB_R1,448,4,452,9276667
XMSSMT-SHA2_20/4_256,PUB_R1,480,-4,476,6561018
XMSSMT-SHA2_20/4_256,PUB_R1,480,-3,477,4031852
XMSSMT-SHA2_20/4_256,PUB_R1,480,-2,478,6588834
XMSSMT-SHA2_20/4_256,PUB_R1,480,-1,479,7963870
XMSSMT-SHA2_20/4_256,PUB_R1,480,0,480,6581500
XMSSMT-SHA2_20/4_256,PUB_R1,480,1,481,6547389
XMSSMT-SHA2_20/4_256,PUB_R1,480,2,482,6601389
XMSSMT-SHA2_20/4_256,PUB_R1,480,3,483,9261648
XMSSMT-SHA2_20/4_256,PUB_R1,480,4,484,9079463
XMSSMT-SHA2_20/4_256,PUB_R1,512,-4,508,6594352
XMSSMT-SHA2_20/4_256,PUB_R1,512,-3,509,3884926
XMSSMT-SHA2_20/4_256,PUB_R1,512,-2,510,6563611
XMSSMT-SHA2_20/4_256,PUB_R1,512,-1,511,7794222
XMSSMT-SHA2_20/4_256,PUB_R1,512,0,512,11948926
XMSSMT-SHA2_20/4_256,PUB_R1,512,1,513,9246982
XMSSMT-SHA2_20/4_256,PUB_R1,512,2,514,11792203
XMSSMT-SHA2_20/4_256,PUB_R1,512,3,515,9251963
XMSSMT-SHA2_20/4_256,PUB_R1,512,4,516,11805926
XMSSMT-SHA2_20/4_256,PUB_R1,544,-4,540,6606740
XMSSMT-SHA2_20/4_256,PUB_R1,544,-3,541,3955685
XMSSMT-SHA2_20/4_256,PUB_R1,544,-2,542,6591741
XMSSMT-SHA2_20/4_256,PUB_R1,544,-1,543,7908185
XMSSMT-SHA2_20/4_256,PUB_R1,544,0,544,6422574
XMSSMT-SHA2_20/4_256,PUB_R1,544,1,545,6603315
XMSSMT-SHA2_20/4_256,PUB_R1,544,2,546,6518426
XMSSMT-SHA2_20/4_256,PUB_R1,544,3,547,9251334
XMSSMT-SHA2_20/4_256,PUB_R1,544,4,548,9204926
XMSSMT-SHA2_20/4_256,PUB_R1,576,-4,572,6553888
XMSSMT-SHA2_20/4_256,PUB_R1,576,-3,573,3867833
XMSSMT-SHA2_20/4_256,PUB_R1,576,-2,574,6483315
XMSSMT-SHA2_20/4_256,PUB_R1,576,-1,575,8079112
XMSSMT-SHA2_20/4_256,PUB_R1,576,0,576,6385352
XMSSMT-SHA2_20/4_256,PUB_R1,576,1,577,6539630
XMSSMT-SHA2_20/4_256,PUB_R1,576,2,578,6527500
XMSSMT-SHA2_20/4_256,PUB_R1,576,3,579,9080222
XMSSMT-SHA2_20/4_256,PUB_R1,576,4,580,9160297
XMSSMT-SHA2_20/4_256,PUB_R1,608,-4,604,6419241
XMSSMT-SHA2_20/4_256,PUB_R1,608,-3,605,4076055
XMSSMT-SHA2_20/4_256,PUB_R1,608,-2,606,6679630
XMSSMT-SHA2_20/4_256,PUB_R1,608,-1,607,7900759
XMSSMT-SHA2_20/4_256,PUB_R1,608,0,608,6523240
XMSSMT-SHA2_20/4_256,PUB_R1,608,1,609,6480741
XMSSMT-SHA2_20/4_256,PUB_R1,608,2,610,6582296
XMSSMT-SHA2_20/4_256,PUB_R1,608,3,611,9230907
XMSSMT-SHA2_20/4_256,PUB_R1,608,4,612,9173889
XMSSMT-SHA2_20/4_256,PUB_R1,640,-4,636,6666648
XMSSMT-SHA2_20/4_256,PUB_R1,640,-3,637,3836648
XMSSMT-SHA2_20/4_256,PUB_R1,640,-2,638,6350371
XMSSMT-SHA2_20/4_256,PUB_R1,640,-1,639,7899000
XMSSMT-SHA2_20/4_256,PUB_R1,640,0,640,11855519
XMSSMT-SHA2_20/4_256,PUB_R1,640,1,641,6333741
XMSSMT-SHA2_20/4_256,PUB_R1,640,2,642,6600815
XMSSMT-SHA2_20/4_256,PUB_R1,640,3,643,8995296
XMSSMT-SHA2_20/4_256,PUB_R1,640,4,644,9092982
XMSSMT-SHA2_20/4_256,PUB_R1,672,-4,668,6488426
XMSSMT-SHA2_20/4_256,PUB_R1,672,-3,669,3812796
XMSSMT-SHA2_20/4_256,PUB_R1,672,-2,670,6741148
XMSSMT-SHA2_20/4_256,PUB_R1,672,-1,671,7945371
XMSSMT-SHA2_20/4_256,PUB_R1,672,0,672,6601777
XMSSMT-SHA2_20/4_256,PUB_R1,672,1,673,6588333
XMSSMT-SHA2_20/4_256,PUB_R1,672,2,674,6398222
XMSSMT-SHA2_20/4_256,PUB_R1,672,3,675,9168463
XMSSMT-SHA2_20/4_256,PUB_R1,672,4,676,9127037
XMSSMT-SHA2_20/4_256,PUB_R1,704,-4,700,6499629
XMSSMT-SHA2_20/4_256,PUB_R1,704,-3,701,3768463
XMSSMT-SHA2_20/4_256,PUB_R1,704,-2,702,6582278
XMSSMT-SHA2_20/4_256,PUB_R1,704,-1,703,8032592
XMSSMT-SHA2_20/4_256,PUB_R1,704,0,704,6396222
XMSSMT-SHA2_20/4_256,PUB_R1,704,1,705,6623593
XMSSMT-SHA2_20/4_256,PUB_R1,704,2,706,6510223
XMSSMT-SHA2_20/4_256,PUB_R1,704,3,707,9286871
XMSSMT-SHA2_20/4_256,PUB_R1,704,4,708,9153482
XMSSMT-SHA2_20/4_256,PUB_R1,736,-4,732,6609407
XMSSMT-SHA2_20/4_256,PUB_R1,736,-3,733,3975259
XMSSMT-SHA2_20/4_256,PUB_R1,736,-2,734,6546296
XMSSMT-SHA2_20/4_256,PUB_R1,736,-1,735,7678389
XMSSMT-SHA2_20/4_256,PUB_R1,736,0,736,6451333
XMSSMT-SHA2_20/4_256,PUB_R1,736,1,737,6469389
XMSSMT-SHA2_20/4_256,PUB_R1,736,2,738,6614685
XMSSMT-SHA2_20/4_256,PUB_R1,736,3,739,9109092
XMSSMT-SHA2_20/4_256,PUB_R1,736,4,740,9245297
XMSSMT-SHA2_20/4_256,PUB_R1,768,-4,764,6490037
XMSSMT-SHA2_20/4_256,PUB_R1,768,-3,765,3931092
XMSSMT-SHA2_20/4_256,PUB_R1,768,-2,766,6523740
XMSSMT-SHA2_20/4_256,PUB_R1,768,-1,767,7703241
XMSSMT-SHA2_20/4_256,PUB_R1,768,0,768,11784093
XMSSMT-SHA2_20/4_256,PUB_R1,768,1,769,6412093
XMSSMT-SHA2_20/4_256,PUB_R1,768,2,770,6649981
XMSSMT-SHA2_20/4_256,PUB_R1,768,3,771,9307907
XMSSMT-SHA2_20/4_256,PUB_R1,768,4,772,9177908
XMSSMT-SHA2_20/4_256,PUB_R1,800,-4,796,6641537
XMSSMT-SHA2_20/4_256,PUB_R1,800,-3,797,3847908
XMSSMT-SHA2_20/4_256,PUB_R1,800,-2,798,6659889
XMSSMT-SHA2_20/4_256,PUB_R1,800,-1,799,7759982
XMSSMT-SHA2_20/4_256,PUB_R1,800,0,800,6357667
XMSSMT-SHA2_20/4_256,PUB_R1,800,1,801,6501259
XMSSMT-SHA2_20/4_256,PUB_R1,800,2,802,6553333
XMSSMT-SHA2_20/4_256,PUB_R1,800,3,803,9057981
XMSSMT-SHA2_20/4_256,PUB_R1,800,4,804,9188000
XMSSMT-SHA2_20/4_256,PUB_R1,832,-4,828,6722445
XMSSMT-SHA2_20/4_256,PUB_R1,832,-3,829,3907352
XMSSMT-SHA2_20/4_256,PUB_R1,832,-2,830,6567574
XMSSMT-SHA2_20/4_256,PUB_R1,832,-1,831,7702592
XMSSMT-SHA2_20/4_256,PUB_R1,832,0,832,6450296
XMSSMT-SHA2_20/4_256,PUB_R1,832,1,833,6572000
XMSSMT-SHA2_20/4_256,PUB_R1,832,2,834,6460130
XMSSMT-SHA2_20/4_256,PUB_R1,832,3,835,9128370
XMSSMT-SHA2_20/4_256,PUB_R1,832,4,836,9022056
XMSSMT-SHA2_20/4_256,PUB_R1,864,-4,860,6492204
XMSSMT-SHA2_20/4_256,PUB_R1,864,-3,861,3882389
XMSSMT-SHA2_20/4_256,PUB_R1,864,-2,862,6591777
XMSSMT-SHA2_20/4_256,PUB_R1,864,-1,863,7999981
XMSSMT-SHA2_20/4_256,PUB_R1,864,0,864,6416204
XMSSMT-SHA2_20/4_256,PUB_R1,864,1,865,6604056
XMSSMT-SHA2_20/4_256,PUB_R1,864,2,866,6414000
XMSSMT-SHA2_20/4_256,PUB_R1,864,3,867,9232759
XMSSMT-SHA2_20/4_256,PUB_R1,864,4,868,9200926
XMSSMT-SHA2_20/4_256,PUB_R1,896,-4,892,6525129
XMSSMT-SHA2_20/4_256,PUB_R1,896,-3,893,3857389
XMSSMT-SHA2_20/4_256,PUB_R1,896,-2,894,6481981
XMSSMT-SHA2_20/4_256,PUB_R1,896,-1,895,7919241
XMSSMT-SHA2_20/4_256,PUB_R1,896,0,896,6655314
XMSSMT-SHA2_20/4_256,PUB_R1,896,1,897,6521648
XMSSMT-SHA2_20/4_256,PUB_R1,896,2,898,6395759
XMSSMT-SHA2_20/4_256,PUB_R1,896,3,899,9176574
XMSSMT-SHA2_20/4_256,PUB_R1,896,4,900,9225796
XMSSMT-SHA2_20/4_256,PUB_R1,928,-4,924,6597093
XMSSMT-SHA2_20/4_256,PUB_R1,928,-3,925,3771222
XMSSMT-SHA2_20/4_256,PUB_R1,928,-2,926,6494315
XMSSMT-SHA2_20/4_256,PUB_R1,928,-1,927,7622723
XMSSMT-SHA2_20/4_256,PUB_R1,928,0,928,6502278
XMSSMT-SHA2_20/4_256,PUB_R1,928,1,929,6539314
XMSSMT-SHA2_20/4_256,PUB_R1,928,2,930,6388278
XMSSMT-SHA2_20/4_256,PUB_R1,928,3,931,9173129
XMSSMT-SHA2_20/4_256,PUB_R1,928,4,932,9254111
XMSSMT-SHA2_20/4_256,PUB_R1,960,-4,956,6501555
XMSSMT-SHA2_20/4_256,PUB_R1,960,-3,957,3771185
XMSSMT-SHA2_20/4_256,PUB_R1,960,-2,958,6533074
XMSSMT-SHA2_20/4_256,PUB_R1,960,-1,959,5290371
XMSSMT-SHA2_20/4_256,PUB_R1,960,0,960,6557704
XMSSMT-SHA2_20/4_256,PUB_R1,960,1,961,6463815
XMSSMT-SHA2_20/4_256,PUB_R1,960,2,962,6633241
XMSSMT-SHA2_20/4_256,PUB_R1,960,3,963,9173167
XMSSMT-SHA2_20/4_256,PUB_R1,960,4,964,8975037
XMSSMT-SHA2_20/4_256,PUB_R1,992,-4,988,6585148
XMSSMT-SHA2_20/4_256,PUB_R1,992,-3,989,3940518
XMSSMT-SHA2_20/4_256,PUB_R1,992,-2,990,6275889
XMSSMT-SHA2_20/4_256,PUB_R1,992,-1,991,7790852
XMSSMT-SHA2_20/4_256,PUB_R1,992,0,992,6577797
XMSSMT-SHA2_20/4_256,PUB_R1,992,1,993,6622888
XMSSMT-SHA2_20/4_256,PUB_R1,992,2,994,6525944
XMSSMT-SHA2_20/4_256,PUB_R1,992,3,995,9306686
XMSSMT-SHA2_20/4_256,PUB_R1,992,4,996,9179481
XMSSMT-SHA2_20/4_256,PUB_R2,32,-4,28,10755518
XMSSMT-SHA2_20/4_256,PUB_R2,32,-3,29,8372889
XMSSMT-SHA2_20/4_256,PUB_R2,32,-2,30,10814425
XMSSMT-SHA2_20/4_256,PUB_R2,32,-1,31,9721500
XMSSMT-SHA2_20/4_256,PUB_R2,32,0,32,10692833
XMSSMT-SHA2_20/4_256,PUB_R2,32,1,33,8304149
XMSSMT-SHA2_20/4_256,PUB_R2,32,2,34,10864000
XMSSMT-SHA2_20/4_256,PUB_R2,32,3,35,8412519
XMSSMT-SHA2_20/4_256,PUB_R2,32,4,36,10756463
XMSSMT-SHA2_20/4_256,PUB_R2,64,-4,60,8462815
XMSSMT-SHA2_20/4_256,PUB_R2,64,-3,61,5838871
XMSSMT-SHA2_20/4_256,PUB_R2,64,-2,62,8229574
XMSSMT-SHA2_20/4_256,PUB_R2,64,-1,63,7194704
XMSSMT-SHA2_20/4_256,PUB_R2,64,0,64,8398870
XMSSMT-SHA2_20/4_256,PUB_R2,64,1,65,5980555
XMSSMT-SHA2_20/4_256,PUB_R2,64,2,66,8313463
XMSSMT-SHA2_20/4_256,PUB_R2,64,3,67,8235574
XMSSMT-SHA2_20/4_256,PUB_R2,64,4,68,8371241
XMSSMT-SHA2_20/4_256,PUB_R2,96,-4,92,8494445
XMSSMT-SHA2_20/4_256,PUB_R2,96,-3,93,5972481
XMSSMT-SHA2_20/4_256,PUB_R2,96,-2,94,8297629
XMSSMT-SHA2_20/4_256,PUB_R2,96,-1,95,6962389
XMSSMT-SHA2_20/4_256,PUB_R2,96,0,96,8346815
XMSSMT-SHA2_20/4_256,PUB_R2,96,1,97,5956148
XMSSMT-SHA2_20/4_256,PUB_R2,96,2,98,8359593
XMSSMT-SHA2_20/4_256,PUB_R2,96,3,99,8242038
XMSSMT-SHA2_20/4_256,PUB_R2,96,4,100,8310759
XMSSMT-SHA2_20/4_256,PUB_R2,128,-4,124,5919056
XMSSMT-SHA2_20/4_256,PUB_R2,128,-3,125,3487685
XMSSMT-SHA2_20/4_256,PUB_R2,128,-2,126,5915611
XMSSMT-SHA2_20/4_256,PUB_R2,128,-1,127,7297093
XMSSMT-SHA2_20/4_256,PUB_R2,128,0,128,10713130
XMSSMT-SHA2_20/4_256,PUB_R2,128,1,129,5882556
XMSSMT-SHA2_20/4_256,PUB_R2,128,2,130,5983037
XMSSMT-SHA2_20/4_256,PUB_R2,128,3,131,8381592
XMSSMT-SHA2_20/4_256,PUB_R2,128,4,132,8317000
XMSSMT-SHA2_20/4_256,PUB_R2,160,-4,156,5970463
XMSSMT-SHA2_20/4_256,PUB_R2,160,-3,157,3488537
XMSSMT-SHA2_20/4_256,PUB_R2,160,-2,158,5896741
XMSSMT-SHA2_20/4_256,PUB_R2,160,-1,159,7103778
XMSSMT-SHA2_20/4_256,PUB_R2,160,0,160,5756611
XMSSMT-SHA2_20/4_256,PUB_R2,160,1,161,5894778
XMSSMT-SHA2_20/4_256,PUB_R2,160,2,162,5980963
XMSSMT-SHA2_20/4_256,PUB_R2,160,3,163,8403852
XMSSMT-SHA2_20/4_256,PUB_R2,160,4,164,8415981
XMSSMT-SHA2_20/4_256,PUB_R2,192,-4,188,5976629
XMSSMT-SHA2_20/4_256,PUB_R2,192,-3,189,3636408
XMSSMT-SHA2_20/4_256,PUB_R2,192,-2,190,5978685
XMSSMT-SHA2_20/4_256,PUB_R2,192,-1,191,6984667
XMSSMT-SHA2_20/4_256,PUB_R2,192,0,192,5828833
XMSSMT-SHA2_20/4_256,PUB_R2,192,1,193,5927537
XMSSMT-SHA2_20/4_256,PUB_R2,192,2,194,6013797
XMSSMT-SHA2_20/4_256,PUB_R2,192,3,195,8370815
XMSSMT-SHA2_20/4_256,PUB_R2,192,4,196,8217130
XMSSMT-SHA2_20/4_256,PUB_R2,224,-4,220,5928834
XMSSMT-SHA2_20/4_256,PUB_R2,224,-3,221,3528852
XMSSMT-SHA2_20/4_256,PUB_R2,224,-2,222,5908000
XMSSMT-SHA2_20/4_256,PUB_R2,224,-1,223,7213629
XMSSMT-SHA2_20/4_256,PUB_R2,224,0,224,6116074
XMSSMT-SHA2_20/4_256,PUB_R2,224,1,225,5969871
XMSSMT-SHA2_20/4_256,PUB_R2,224,2,226,5892926
XMSSMT-SHA2_20/4_256,PUB_R2,224,3,227,8296686
XMSSMT-SHA2_20/4_256,PUB_R2,224,4,228,8334963
XMSSMT-SHA2_20/4_256,PUB_R2,256,-4,252,6069741
XMSSMT-SHA2_20/4_256,PUB_R2,256,-3,253,3519018
XMSSMT-SHA2_20/4_256,PUB_R2,256,-2,254,5992889
XMSSMT-SHA2_20/4_256,PUB_R2,256,-1,255,7334204
XMSSMT-SHA2_20/4_256,PUB_R2,256,0,256,10829907
XMSSMT-SHA2_20/4_256,PUB_R2,256,1,257,8445055
XMSSMT-SHA2_20/4_256,PUB_R2,256,2,258,10825704
XMSSMT-SHA2_20/4_256,PUB_R2,256,3,259,8391963
XMSSMT-SHA2_20/4_256,PUB_R2,256,4,260,10778814
XMSSMT-SHA2_20/4_256,PUB_R2,288,-4,284,5918611
XMSSMT-SHA2_20/4_256,PUB_R2,288,-3,285,3617037
XMSSMT-SHA2_20/4_256,PUB_R2,288,-2,286,5976352
XMSSMT-SHA2_20/4_256,PUB_R2,288,-1,287,7073167
XMSSMT-SHA2_20/4_256,PUB_R2,288,0,288,5818167
XMSSMT-SHA2_20/4_256,PUB_R2,288,1,289,5788537
XMSSMT-SHA2_20/4_256,PUB_R2,288,2,290,6014148
XMSSMT-SHA2_20/4_256,PUB_R2,288,3,291,8441740
XMSSMT-SHA2_20/4_256,PUB_R2,288,4,292,8362093
XMSSMT-SHA2_20/4_256,PUB_R2,320,-4,316,5918074
XMSSMT-SHA2_20/4_256,PUB_R2,320,-3,317,3407389
XMSSMT-SHA2_20/4_256,PUB_R2,320,-2,318,5818148
XMSSMT-SHA2_20/4_256,PUB_R2,320,-1,319,7083166
XMSSMT-SHA2_20/4_256,PUB_R2,320,0,320,5770833
XMSSMT-SHA2_20/4_256,PUB_R2,320,1,321,5989278
XMSSMT-SHA2_20/4_256,PUB_R2,320,2,322,5955297
XMSSMT-SHA2_20/4_256,PUB_R2,320,3,323,8214315
XMSSMT-SHA2_20/4_256,PUB_R2,320,4,324,8373815
XMSSMT-SHA2_20/4_256,PUB_R2,352,-4,348,5892852
XMSSMT-SHA2_20/4_256,PUB_R2,352,-3,349,3555907
XMSSMT-SHA2_20/4_256,PUB_R2,352,-2,350,5984075
XMSSMT-SHA2_20/4_256,PUB_R2,352,-1,351,6952963
XMSSMT-SHA2_20/4_256,PUB_R2,352,0,352,5775704
XMSSMT-SHA2_20/4_256,PUB_R2,352,1,353,6093019
XMSSMT-SHA2_20/4_256,PUB_R2,352,2,354,5975666
XMSSMT-SHA2_20/4_256,PUB_R2,352,3,355,8201537
XMSSMT-SHA2_20/4_256,PUB_R2,352,4,356,8348167
XMSSMT-SHA2_20/4_256,PUB_R2,384,-4,380,5896092
XMSSMT-SHA2_20/4_256,PUB_R2,384,-3,381,3520722
XMSSMT-SHA2_20/4_256,PUB_R2,384,-2,382,5792500
XMSSMT-SHA2_20/4_256,PUB_R2,384,-1,383,7028760
XMSSMT-SHA2_20/4_256,PUB_R2,384,0,384,10940592
XMSSMT-SHA2_20/4_256,PUB_R2,384,1,385,5954000
XMSSMT-SHA2_20/4_256,PUB_R2,384,2,386,5992463
XMSSMT-SHA2_20/4_256,PUB_R2,384,3,387,8299018
XMSSMT-SHA2_20/4_256,PUB_R2,384,4,388,8338130
XMSSMT-SHA2_20/4_256,PUB_R2,416,-4,412,5927074
XMSSMT-SHA2_20/4_256,PUB_R2,416,-3,413,3518723
XMSSMT-SHA2_20/4_256,PUB_R2,416,-2,414,6017759
XMSSMT-SHA2_20/4_256,PUB_R2,416,-1,415,7214537
XMSSMT-SHA2_20/4_256,PUB_R2,416,0,416,5912203
XMSSMT-SHA2_20/4_256,PUB_R2,416,1,417,5835389
XMSSMT-SHA2_20/4_256,PUB_R2,416,2,418,5821112
XMSSMT-SHA2_20/4_256,PUB_R2,416,3,419,8294648
XMSSMT-SHA2_20/4_256,PUB_R2,416,4,420,8446352
XMSSMT-SHA2_20/4_256,PUB_R2,448,-4,444,6009611
XMSSMT-SHA2_20/4_256,PUB_R2,448,-3,445,3521167
XMSSMT-SHA2_20/4_256,PUB_R2,448,-2,446,6012018
XMSSMT-SHA2_20/4_256,PUB_R2,448,-1,447,7079500
XMSSMT-SHA2_20/4_256,PUB_R2,448,0,448,5928204
XMSSMT-SHA2_20/4_256,PUB_R2,448,1,449,5926592
XMSSMT-SHA2_20/4_256,PUB_R2,448,2,450,5899093
XMSSMT-SHA2_20/4_256,PUB_R2,448,3,451,8383314
XMSSMT-SHA2_20/4_256,PUB_R2,448,4,452,8341870
XMSSMT-SHA2_20/4_256,PUB_R2,480,-4,476,6084500
XMSSMT-SHA2_20/4_256,PUB_R2,480,-3,477,3655629
XMSSMT-SHA2_20/4_256,PUB_R2,480,-2,478,5899963
XMSSMT-SHA2_20/4_256,PUB_R2,480,-1,479,6975777
XMSSMT-SHA2_20/4_256,PUB_R2,480,0,480,5920777
XMSSMT-SHA2_20/4_256,PUB_R2,480,1,481,5971537
XMSSMT-SHA2_20/4_256,PUB_R2,480,2,482,6022926
XMSSMT-SHA2_20/4_256,PUB_R2,480,3,483,8307870
XMSSMT-SHA2_20/4_256,PUB_R2,480,4,484,8342278
XMSSMT-SHA2_20/4_256,PUB_R2,512,-4,508,5993315
XMSSMT-SHA2_20/4_256,PUB_R2,512,-3,509,3583796
XMSSMT-SHA2_20/4_256,PUB_R2,512,-2,510,5887000
XMSSMT-SHA2_20/4_256,PUB_R2,512,-1,511,7182667
XMSSMT-SHA2_20/4_256,PUB_R2,512,0,512,10613056
XMSSMT-SHA2_20/4_256,PUB_R2,512,1,513,8315482
XMSSMT-SHA2_20/4_256,PUB_R2,512,2,514,10853889
XMSSMT-SHA2_20/4_256,PUB_R2,512,3,515,8421019
XMSSMT-SHA2_20/4_256,PUB_R2,512,4,516,10747778
XMSSMT-SHA2_20/4_256,PUB_R2,544,-4,540,5839759
XMSSMT-SHA2_20/4_256,PUB_R2,544,-3,541,3487889
XMSSMT-SHA2_20/4_256,PUB_R2,544,-2,542,5819148
XMSSMT-SHA2_20/4_256,PUB_R2,544,-1,543,7102482
XMSSMT-SHA2_20/4_256,PUB_R2,544,0,544,5800500
XMSSMT-SHA2_20/4_256,PUB_R2,544,1,545,5901055
XMSSMT-SHA2_20/4_256,PUB_R2,544,2,546,5904944
XMSSMT-SHA2_20/4_256,PUB_R2,544,3,547,8434407
XMSSMT-SHA2_20/4_256,PUB_R2,544,4,548,8299204
XMSSMT-SHA2_20/4_256,PUB_R2,576,-4,572,6109222
XMSSMT-SHA2_20/4_256,PUB_R2,576,-3,573,3434111
XMSSMT-SHA2_20/4_256,PUB_R2,576,-2,574,5817741
XMSSMT-SHA2_20/4_256,PUB_R2,576,-1,575,7170167
XMSSMT-SHA2_20/4_256,PUB_R2,576,0,576,5986241
XMSSMT-SHA2_20/4_256,PUB_R2,576,1,577,6106259
XMSSMT-SHA2_20/4_256,PUB_R2,576,2,578,5826463
XMSSMT-SHA2_20/4_256,PUB_R2,576,3,579,8514592
XMSSMT-SHA2_20/4_256,PUB_R2,576,4,580,8355407
XMSSMT-SHA2_20/4_256,PUB_R2,608,-4,604,6004370
XMSSMT-SHA2_20/4_256,PUB_R2,608,-3,605,3593982
XMSSMT-SHA2_20/4_256,PUB_R2,608,-2,606,5758685
XMSSMT-SHA2_20/4_256,PUB_R2,608,-1,607,7151926
XMSSMT-SHA2_20/4_256,PUB_R2,608,0,608,5932019
XMSSMT-SHA2_20/4_256,PUB_R2,608,1,609,5933926
XMSSMT-SHA2_20/4_256,PUB_R2,608,2,610,6014500
XMSSMT-SHA2_20/4_256,PUB_R2,608,3,611,8470963
XMSSMT-SHA2_20/4_256,PUB_R2,608,4,612,8303723
XMSSMT-SHA2_20/4_256,PUB_R2,640,-4,636,5993907
XMSSMT-SHA2_20/4_256,PUB_R2,640,-3,637,3516166
XMSSMT-SHA2_20/4_256,PUB_R2,640,-2,638,5893981
XMSSMT-SHA2_20/4_256,PUB_R2,640,-1,639,7076741
XMSSMT-SHA2_20/4_256,PUB_R2,640,0,640,10604593
XMSSMT-SHA2_20/4_256,PUB_R2,640,1,641,5880981
XMSSMT-SHA2_20/4_256,PUB_R2,640,2,642,6045740
XMSSMT-SHA2_20/4_256,PUB_R2,640,3,643,8429500
XMSSMT-SHA2_20/4_256,PUB_R2,640,4,644,8365370
XMSSMT-SHA2_20/4_256,PUB_R2,672,-4,668,5912315
XMSSMT-SHA2_20/4_256,PUB_R2,672,-3,669,3611629
XMSSMT-SHA2_20/4_256,PUB_R2,672,-2,670,6102277
XMSSMT-SHA2_20/4_256,PUB_R2,672,-1,671,7073704
XMSSMT-SHA2_20/4_256,PUB_R2,672,0,672,5908425
XMSSMT-SHA2_20/4_256,PUB_R2,672,1,673,5952148
XMSSMT-SHA2_20/4_256,PUB_R2,672,2,674,5974278
XMSSMT-SHA2_20/4_256,PUB_R2,672,3,675,8350870
XMSSMT-SHA2_20/4_256,PUB_R2,672,4,676,8315148
XMSSMT-SHA2_20/4_256,PUB_R2,704,-4,700,5829241
XMSSMT-SHA2_20/4_256,PUB_R2,704,-3,701,3559278
XMSSMT-SHA2_20/4_256,PUB_R2,704,-2,702,5833574
XMSSMT-SHA2_20/4_256,PUB_R2,704,-1,703,6816445
XMSSMT-SHA2_20/4_256,PUB_R2,704,0,704,6016463
XMSSMT-SHA2_20/4_256,PUB_R2,704,1,705,6010241
XMSSMT-SHA2_20/4_256,PUB_R2,704,2,706,5938203
XMSSMT-SHA2_20/4_256,PUB_R2,704,3,707,8360445
XMSSMT-SHA2_20/4_256,PUB_R2,704,4,708,8360592
XMSSMT-SHA2_20/4_256,PUB_R2,736,-4,732,5958629
XMSSMT-SHA2_20/4_256,PUB_R2,736,-3,733,3500241
XMSSMT-SHA2_20/4_256,PUB_R2,736,-2,734,5911129
XMSSMT-SHA2_20/4_256,PUB_R2,736,-1,735,6839129
XMSSMT-SHA2_20/4_256,PUB_R2,736,0,736,5992371
XMSSMT-SHA2_20/4_256,PUB_R2,736,1,737,5960871
XMSSMT-SHA2_20/4_256,PUB_R2,736,2,738,5761574
XMSSMT-SHA2_20/4_256,PUB_R2,736,3,739,8197834
XMSSMT-SHA2_20/4_256,PUB_R2,736,4,740,8328167
XMSSMT-SHA2_20/4_256,PUB_R2,768,-4,764,5816223
XMSSMT-SHA2_20/4_256,PUB_R2,768,-3,765,3581277
XMSSMT-SHA2_20/4_256,PUB_R2,768,-2,766,6052037
XMSSMT-SHA2_20/4_256,PUB_R2,768,-1,767,6845537
XMSSMT-SHA2_20/4_256,PUB_R2,768,0,768,10630926
XMSSMT-SHA2_20/4_256,PUB_R2,768,1,769,6088759
XMSSMT-SHA2_20/4_256,PUB_R2,768,2,770,5924889
XMSSMT-SHA2_20/4_256,PUB_R2,768,3,771,8320648
XMSSMT-SHA2_20/4_256,PUB_R2,768,4,772,8289741
XMSSMT-SHA2_20/4_256,PUB_R2,800,-4,796,5918278
XMSSMT-SHA2_20/4_256,PUB_R2,800,-3,797,3403741
XMSSMT-SHA2_20/4_256,PUB_R2,800,-2,798,5931259
XMSSMT-SHA2_20/4_256,PUB_R2,800,-1,799,6912167
XMSSMT-SHA2_20/4_256,PUB_R2,800,0,800,5836833
XMSSMT-SHA2_20/4_256,PUB_R2,800,1,801,5908574
XMSSMT-SHA2_20/4_256,PUB_R2,800,2,802,5950056
XMSSMT-SHA2_20/4_256,PUB_R2,800,3,803,8224426
XMSSMT-SHA2_20/4_256,PUB_R2,800,4,804,8237926
XMSSMT-SHA2_20/4_256,PUB_R2,832,-4,828,6013352
XMSSMT-SHA2_20/4_256,PUB_R2,832,-3,829,3554074
XMSSMT-SHA2_20/4_256,PUB_R2,832,-2,830,5876703
XMSSMT-SHA2_20/4_256,PUB_R2,832,-1,831,6878685
XMSSMT-SHA2_20/4_256,PUB_R2,832,0,832,5980519
XMSSMT-SHA2_20/4_256,PUB_R2,832,1,833,5977203
XMSSMT-SHA2_20/4_256,PUB_R2,832,2,834,5875944
XMSSMT-SHA2_20/4_256,PUB_R2,832,3,835,8311277
XMSSMT-SHA2_20/4_256,PUB_R2,832,4,836,8309871
XMSSMT-SHA2_20/4_256,PUB_R2,864,-4,860,6090814
XMSSMT-SHA2_20/4_256,PUB_R2,864,-3,861,3553019
XMSSMT-SHA2_20/4_256,PUB_R2,864,-2,862,5956167
XMSSMT-SHA2_20/4_256,PUB_R2,864,-1,863,6898629
XMSSMT-SHA2_20/4_256,PUB_R2,864,0,864,6039241
XMSSMT-SHA2_20/4_256,PUB_R2,864,1,865,5945167
XMSSMT-SHA2_20/4_256,PUB_R2,864,2,866,5965556
XMSSMT-SHA2_20/4_256,PUB_R2,864,3,867,8329037
XMSSMT-SHA2_20/4_256,PUB_R2,864,4,868,8340389
XMSSMT-SHA2_20/4_256,PUB_R2,896,-4,892,5929445
XMSSMT-SHA2_20/4_256,PUB_R2,896,-3,893,3372833
XMSSMT-SHA2_20/4_256,PUB_R2,896,-2,894,5833907
XMSSMT-SHA2_20/4_256,PUB_R2,896,-1,895,6981574
XMSSMT-SHA2_20/4_256,PUB_R2,896,0,896,5913740
XMSSMT-SHA2_20/4_256,PUB_R2,896,1,897,5986574
XMSSMT-SHA2_20/4_256,PUB_R2,896,2,898,5787074
XMSSMT-SHA2_20/4_256,PUB_R2,896,3,899,8498334
XMSSMT-SHA2_20/4_256,PUB_R2,896,4,900,8338370
XMSSMT-SHA2_20/4_256,PUB_R2,928,-4,924,5956852
XMSSMT-SHA2_20/4_256,PUB_R2,928,-3,925,3495223
XMSSMT-SHA2_20/4_256,PUB_R2,928,-2,926,5933277
XMSSMT-SHA2_20/4_256,PUB_R2,928,-1,927,7238334
XMSSMT-SHA2_20/4_256,PUB_R2,928,0,928,5933870
XMSSMT-SHA2_20/4_256,PUB_R2,928,1,929,6065982
XMSSMT-SHA2_20/4_256,PUB_R2,928,2,930,5949408
XMSSMT-SHA2_20/4_256,PUB_R2,928,3,931,8224407
XMSSMT-SHA2_20/4_256,PUB_R2,928,4,932,8362000
XMSSMT-SHA2_20/4_256,PUB_R2,960,-4,956,5942907
XMSSMT-SHA2_20/4_256,PUB_R2,960,-3,957,3487037
XMSSMT-SHA2_20/4_256,PUB_R2,960,-2,958,5954833
XMSSMT-SHA2_20/4_256,PUB_R2,960,-1,959,4623445
XMSSMT-SHA2_20/4_256,PUB_R2,960,0,960,5916444
XMSSMT-SHA2_20/4_256,PUB_R2,960,1,961,5898814
XMSSMT-SHA2_20/4_256,PUB_R2,960,2,962,6061297
XMSSMT-SHA2_20/4_256,PUB_R2,960,3,963,8218092
XMSSMT-SHA2_20/4_256,PUB_R2,960,4,964,8353593
XMSSMT-SHA2_20/4_256,PUB_R2,992,-4,988,5909926
XMSSMT-SHA2_20/4_256,PUB_R2,992,-3,989,3394389
XMSSMT-SHA2_20/4_256,PUB_R2,992,-2,990,5750370
XMSSMT-SHA2_20/4_256,PUB_R2,992,-1,991,7066518
XMSSMT-SHA2_20/4_256,PUB_R2,992,0,992,5751148
XMSSMT-SHA2_20/4_256,PUB_R2,992,1,993,5938593
XMSSMT-SHA2_20/4_256,PUB_R2,992,2,994,5781130
XMSSMT-SHA2_20/4_256,PUB_R2,992,3,995,8311111
XMSSMT-SHA2_20/4_256,PUB_R2,992,4,996,8444278
XMSSMT-SHA2_20/4_256,PUB_R3,32,-4,28,11024481
XMSSMT-SHA2_20/4_256,PUB_R3,32,-3,29,8593093
XMSSMT-SHA2_20/4_256,PUB_R3,32,-2,30,10926222
XMSSMT-SHA2_20/4_256,PUB_R3,32,-1,31,9508778
XMSSMT-SHA2_20/4_256,PUB_R3,32,0,32,11094852
XMSSMT-SHA2_20/4_256,PUB_R3,32,1,33,8473074
XMSSMT-SHA2_20/4_256,PUB_R3,32,2,34,10979833
XMSSMT-SHA2_20/4_256,PUB_R3,32,3,35,8635148
XMSSMT-SHA2_20/4_256,PUB_R3,32,4,36,11012889
XMSSMT-SHA2_20/4_256,PUB_R3,64,-4,60,8394296
XMSSMT-SHA2_20/4_256,PUB_R3,64,-3,61,6172130
XMSSMT-SHA2_20/4_256,PUB_R3,64,-2,62,8494185
XMSSMT-SHA2_20/4_256,PUB_R3,64,-1,63,7324926
XMSSMT-SHA2_20/4_256,PUB_R3,64,0,64,8320926
XMSSMT-SHA2_20/4_256,PUB_R3,64,1,65,6203814
XMSSMT-SHA2_20/4_256,PUB_R3,64,2,66,8461500
XMSSMT-SHA2_20/4_256,PUB_R3,64,3,67,8500389
XMSSMT-SHA2_20/4_256,PUB_R3,64,4,68,8475074
XMSSMT-SHA2_20/4_256,PUB_R3,96,-4,92,8334130
XMSSMT-SHA2_20/4_256,PUB_R3,96,-3,93,5895777
XMSSMT-SHA2_20/4_256,PUB_R3,96,-2,94,8353760
XMSSMT-SHA2_20/4_256,PUB_R3,96,-1,95,7054241
XMSSMT-SHA2_20/4_256,PUB_R3,96,0,96,8695333
XMSSMT-SHA2_20/4_256,PUB_R3,96,1,97,5893000
XMSSMT-SHA2_20/4_256,PUB_R3,96,2,98,8554648
XMSSMT-SHA2_20/4_256,PUB_R3,96,3,99,8465204
XMSSMT-SHA2_20/4_256,PUB_R3,96,4,100,8478852
XMSSMT-SHA2_20/4_256,PUB_R3,128,-4,124,5938722
XMSSMT-SHA2_20/4_256,PUB_R3,128,-3,125,3752518
XMSSMT-SHA2_20/4_256,PUB_R3,128,-2,126,6095518
XMSSMT-SHA2_20/4_256,PUB_R3,128,-1,127,7127760
XMSSMT-SHA2_20/4_256,PUB_R3,128,0,128,11012074
XMSSMT-SHA2_20/4_256,PUB_R3,128,1,129,6133722
XMSSMT-SHA2_20/4_256,PUB_R3,128,2,130,5865981
XMSSMT-SHA2_20/4_256,PUB_R3,128,3,131,8564314
XMSSMT-SHA2_20/4_256,PUB_R3,128,4,132,8538500
XMSSMT-SHA2_20/4_256,PUB_R3,160,-4,156,6075185
XMSSMT-SHA2_20/4_256,PUB_R3,160,-3,157,3662482
XMSSMT-SHA2_20/4_256,PUB_R3,160,-2,158,6048722
XMSSMT-SHA2_20/4_256,PUB_R3,160,-1,159,6826945
XMSSMT-SHA2_20/4_256,PUB_R3,160,0,160,6035075
XMSSMT-SHA2_20/4_256,PUB_R3,160,1,161,5929389
XMSSMT-SHA2_20/4_256,PUB_R3,160,2,162,6105833
XMSSMT-SHA2_20/4_256,PUB_R3,160,3,163,8531389
XMSSMT-SHA2_20/4_256,PUB_R3,160,4,164,8284037
XMSSMT-SHA2_20/4_256,PUB_R3,192,-4,188,6168037
XMSSMT-SHA2_20/4_256,PUB_R3,192,-3,189,3744778
XMSSMT-SHA2_20/4_256,PUB_R3,192,-2,190,6067834
XMSSMT-SHA2_20/4_256,PUB_R3,192,-1,191,7294203
XMSSMT-SHA2_20/4_256,PUB_R3,192,0,192,6141167
XMSSMT-SHA2_20/4_256,PUB_R3,192,1,193,6079537
XMSSMT-SHA2_20/4_256,PUB_R3,192,2,194,5933852
XMSSMT-SHA2_20/4_256,PUB_R3,192,3,195,8384759
XMSSMT-SHA2_20/4_256,PUB_R3,192,4,196,8407093
XMSSMT-SHA2_20/4_256,PUB_R3,224,-4,220,6095760
XMSSMT-SHA2_20/4_256,PUB_R3,224,-3,221,3787963
XMSSMT-SHA2_20/4_256,PUB_R3,224,-2,222,6131759
XMSSMT-SHA2_20/4_256,PUB_R3,224,-1,223,6952760
XMSSMT-SHA2_20/4_256,PUB_R3,224,0,224,6026148
XMSSMT-SHA2_20/4_256,PUB_R3,224,1,225,6140592
XMSSMT-SHA2_20/4_256,PUB_R3,224,2,226,5996148
XMSSMT-SHA2_20/4_256,PUB_R3,224,3,227,8462833
XMSSMT-SHA2_20/4_256,PUB_R3,224,4,228,8550426
XMSSMT-SHA2_20/4_256,PUB_R3,256,-4,252,6084796
XMSSMT-SHA2_20/4_256,PUB_R3,256,-3,253,3623574
XMSSMT-SHA2_20/4_256,PUB_R3,256,-2,254,5907185
XMSSMT-SHA2_20/4_256,PUB_R3,256,-1,255,7300796
XMSSMT-SHA2_20/4_256,PUB_R3,256,0,256,10913778
XMSSMT-SHA2_20/4_256,PUB_R3,256,1,257,8595315
XMSSMT-SHA2_20/4_256,PUB_R3,256,2,258,11059537
XMSSMT-SHA2_20/4_256,PUB_R3,256,3,259,8454759
XMSSMT-SHA2_20/4_256,PUB_R3,256,4,260,10948018
XMSSMT-SHA2_20/4_256,PUB_R3,288,-4,284,6089760
XMSSMT-SHA2_20/4_256,PUB_R3,288,-3,285,3460018
XMSSMT-SHA2_20/4_256,PUB_R3,288,-2,286,5949722
XMSSMT-SHA2_20/4_256,PUB_R3,288,-1,287,7227241
XMSSMT-SHA2_20/4_256,PUB_R3,288,0,288,6065389
XMSSMT-SHA2_20/4_256,PUB_R3,288,1,289,6104648
XMSSMT-SHA2_20/4_256,PUB_R3,288,2,290,6088870
XMSSMT-SHA2_20/4_256,PUB_R3,288,3,291,8658426
XMSSMT-SHA2_20/4_256,PUB_R3,288,4,292,8643963
XMSSMT-SHA2_20/4_256,PUB_R3,320,-4,316,5889333
XMSSMT-SHA2_20/4_256,PUB_R3,320,-3,317,3568981
XMSSMT-SHA2_20/4_256,PUB_R3,320,-2,318,6062834
XMSSMT-SHA2_20/4_256,PUB_R3,320,-1,319,7357149
XMSSMT-SHA2_20/4_256,PUB_R3,320,0,320,6034241
XMSSMT-SHA2_20/4_256,PUB_R3,320,1,321,6075370
XMSSMT-SHA2_20/4_256,PUB_R3,320,2,322,6027074
XMSSMT-SHA2_20/4_256,PUB_R3,320,3,323,8497685
XMSSMT-SHA2_20/4_256,PUB_R3,320,4,324,8547315
XMSSMT-SHA2_20/4_256,PUB_R3,352,-4,348,6070203
XMSSMT-SHA2_20/4_256,PUB_R3,352,-3,349,3503851
XMSSMT-SHA2_20/4_256,PUB_R3,352,-2,350,5997537
XMSSMT-SHA2_20/4_256,PUB_R3,352,-1,351,7077759
XMSSMT-SHA2_20/4_256,PUB_R3,352,0,352,6128815
XMSSMT-SHA2_20/4_256,PUB_R3,352,1,353,6104074
XMSSMT-SHA2_20/4_256,PUB_R3,352,2,354,5911592
XMSSMT-SHA2_20/4_256,PUB_R3,352,3,355,8506519
XMSSMT-SHA2_20/4_256,PUB_R3,352,4,356,8435260
XMSSMT-SHA2_20/4_256,PUB_R3,384,-4,380,6062481
XMSSMT-SHA2_20/4_256,PUB_R3,384,-3,381,3424519
XMSSMT-SHA2_20/4_256,PUB_R3,384,-2,382,5898518
XMSSMT-SHA2_20/4_256,PUB_R3,384,-1,383,7122408
XMSSMT-SHA2_20/4_256,PUB_R3,384,0,384,10933333
XMSSMT-SHA2_20/4_256,PUB_R3,384,1,385,6039037
XMSSMT-SHA2_20/4_256,PUB_R3,384,2,386,5934000
XMSSMT-SHA2_20/4_256,PUB_R3,384,3,387,8605611
XMSSMT-SHA2_20/4_256,PUB_R3,384,4,388,8309852
XMSSMT-SHA2_20/4_256,PUB_R3,416,-4,412,6042870
XMSSMT-SHA2_20/4_256,PUB_R3,416,-3,413,3629648
XMSSMT-SHA2_20/4_256,PUB_R3,416,-2,414,6094741
XMSSMT-SHA2_20/4_256,PUB_R3,416,-1,415,7141149
XMSSMT-SHA2_20/4_256,PUB_R3,416,0,416,6060814
XMSSMT-SHA2_20/4_256,PUB_R3,416,1,417,5915426
XMSSMT-SHA2_20/4_256,PUB_R3,416,2,418,5924519
XMSSMT-SHA2_20/4_256,PUB_R3,416,3,419,8372630
XMSSMT-SHA2_20/4_256,PUB_R3,416,4,420,8561056
XMSSMT-SHA2_20/4_256,PUB_R3,448,-4,444,6094370
XMSSMT-SHA2_20/4_256,PUB_R3,448,-3,445,3598870
XMSSMT-SHA2_20/4_256,PUB_R3,448,-2,446,6041611
XMSSMT-SHA2_20/4_256,PUB_R3,448,-1,447,7061241
XMSSMT-SHA2_20/4_256,PUB_R3,448,0,448,6209148
XMSSMT-SHA2_20/4_256,PUB_R3,448,1,449,5951278
XMSSMT-SHA2_20/4_256,PUB_R3,448,2,450,6096352
XMSSMT-SHA2_20/4_256,PUB_R3,448,3,451,8455500
XMSSMT-SHA2_20/4_256,PUB_R3,448,4,452,8385407
XMSSMT-SHA2_20/4_256,PUB_R3,480,-4,476,6065111
XMSSMT-SHA2_20/4_256,PUB_R3,480,-3,477,3560259
XMSSMT-SHA2_20/4_256,PUB_R3,480,-2,478,6109260
XMSSMT-SHA2_20/4_256,PUB_R3,480,-1,479,7254907
XMSSMT-SHA2_20/4_256,PUB_R3,480,0,480,6097185
XMSSMT-SHA2_20/4_256,PUB_R3,480,1,481,6039260
XMSSMT-SHA2_20/4_256,PUB_R3,480,2,482,6099963
XMSSMT-SHA2_20/4_256,PUB_R3,480,3,483,8498611
XMSSMT-SHA2_20/4_256,PUB_R3,480,4,484,8364093
XMSSMT-SHA2_20/4_256,PUB_R3,512,-4,508,6115500
XMSSMT-SHA2_20/4_256,PUB_R3,512,-3,509,3466815
XMSSMT-SHA2_20/4_256,PUB_R3,512,-2,510,6012889
XMSSMT-SHA2_20/4_256,PUB_R3,512,-1,511,7223037
XMSSMT-SHA2_20/4_256,PUB_R3,512,0,512,10936648
XMSSMT-SHA2_20/4_256,PUB_R3,512,1,513,8461981
XMSSMT-SHA2_20/4_256,PUB_R3,512,2,514,10824982
XMSSMT-SHA2_20/4_256,PUB_R3,512,3,515,8640908
XMSSMT-SHA2_20/4_256,PUB_R3,512,4,516,10957074
XMSSMT-SHA2_20/4_256,PUB_R3,544,-4,540,5999149
XMSSMT-SHA2_20/4_256,PUB_R3,544,-3,541,3462481
XMSSMT-SHA2_20/4_256,PUB_R3,544,-2,542,6064815
XMSSMT-SHA2_20/4_256,PUB_R3,544,-1,543,7188000
XMSSMT-SHA2_20/4_256,PUB_R3,544,0,544,6041981
XMSSMT-SHA2_20/4_256,PUB_R3,544,1,545,6058870
XMSSMT-SHA2_20/4_256,PUB_R3,544,2,546,5908167
XMSSMT-SHA2_20/4_256,PUB_R3,544,3,547,8602000
XMSSMT-SHA2_20/4_256,PUB_R3,544,4,548,8554926
XMSSMT-SHA2_20/4_256,PUB_R3,576,-4,572,6095000
XMSSMT-SHA2_20/4_256,PUB_R3,576,-3,573,3513407
XMSSMT-SHA2_20/4_256,PUB_R3,576,-2,574,6095370
XMSSMT-SHA2_20/4_256,PUB_R3,576,-1,575,7198722
XMSSMT-SHA2_20/4_256,PUB_R3,576,0,576,6083611
XMSSMT-SHA2_20/4_256,PUB_R3,576,1,577,6008092
XMSSMT-SHA2_20/4_256,PUB_R3,576,2,578,6074519
XMSSMT-SHA2_20/4_256,PUB_R3,576,3,579,8644926
XMSSMT-SHA2_20/4_256,PUB_R3,576,4,580,8408371
XMSSMT-SHA2_20/4_256,PUB_R3,608,-4,604,6135018
XMSSMT-SHA2_20/4_256,PUB_R3,608,-3,605,3442000
XMSSMT-SHA2_20/4_256,PUB_R3,608,-2,606,6001963
XMSSMT-SHA2_20/4_256,PUB_R3,608,-1,607,7121352
XMSSMT-SHA2_20/4_256,PUB_R3,608,0,608,5901574
XMSSMT-SHA2_20/4_256,PUB_R3,608,1,609,6103778
XMSSMT-SHA2_20/4_256,PUB_R3,608,2,610,5903389
XMSSMT-SHA2_20/4_256,PUB_R3,608,3,611,8491167
XMSSMT-SHA2_20/4_256,PUB_R3,608,4,612,8487648
XMSSMT-SHA2_20/4_256,PUB_R3,640,-4,636,5995981
XMSSMT-SHA2_20/4_256,PUB_R3,640,-3,637,3657963
XMSSMT-SHA2_20/4_256,PUB_R3,640,-2,638,6176278
XMSSMT-SHA2_20/4_256,PUB_R3,640,-1,639,7184555
XMSSMT-SHA2_20/4_256,PUB_R3,640,0,640,10941203
XMSSMT-SHA2_20/4_256,PUB_R3,640,1,641,6042092
XMSSMT-SHA2_20/4_256,PUB_R3,640,2,642,6039148
XMSSMT-SHA2_20/4_256,PUB_R3,640,3,643,8543500
XMSSMT-SHA2_20/4_256,PUB_R3,640,4,644,8547222
XMSSMT-SHA2_20/4_256,PUB_R3,672,-4,668,6057908
XMSSMT-SHA2_20/4_256,PUB_R3,672,-3,669,3642889
XMSSMT-SHA2_20/4_256,PUB_R3,672,-2,670,6028815
XMSSMT-SHA2_20/4_256,PUB_R3,672,-1,671,7187148
XMSSMT-SHA2_20/4_256,PUB_R3,672,0,672,5885482
XMSSMT-SHA2_20/4_256,PUB_R3,672,1,673,5942463
XMSSMT-SHA2_20/4_256,PUB_R3,672,2,674,6102796
XMSSMT-SHA2_20/4_256,PUB_R3,672,3,675,8592778
XMSSMT-SHA2_20/4_256,PUB_R3,672,4,676,8470111
XMSSMT-SHA2_20/4_256,PUB_R3,704,-4,700,6054351
XMSSMT-SHA2_20/4_256,PUB_R3,704,-3,701,3690685
XMSSMT-SHA2_20/4_256,PUB_R3,704,-2,702,5933666
XMSSMT-SHA2_20/4_256,PUB_R3,704,-1,703,7147167
XMSSMT-SHA2_20/4_256,PUB_R3,704,0,704,6175630
XMSSMT-SHA2_20/4_256,PUB_R3,704,1,705,6173482
XMSSMT-SHA2_20/4_256,PUB_R3,704,2,706,5893871
XMSSMT-SHA2_20/4_256,PUB_R3,704,3,707,8458834
XMSSMT-SHA2_20/4_256,PUB_R3,704,4,708,8691870
XMSSMT-SHA2_20/4_256,PUB_R3,736,-4,732,5998444
XMSSMT-SHA2_20/4_256,PUB_R3,736,-3,733,3560481
XMSSMT-SHA2_20/4_256,PUB_R3,736,-2,734,6044185
XMSSMT-SHA2_20/4_256,PUB_R3,736,-1,735,7052278
XMSSMT-SHA2_20/4_256,PUB_R3,736,0,736,5905870
XMSSMT-SHA2_20/4_256,PUB_R3,736,1,737,6183371
XMSSMT-SHA2_20/4_256,PUB_R3,736,2,738,6199741
XMSSMT-SHA2_20/4_256,PUB_R3,736,3,739,8555630
XMSSMT-SHA2_20/4_256,PUB_R3,736,4,740,8494445
XMSSMT-SHA2_20/4_256,PUB_R3,768,-4,764,5935445
XMSSMT-SHA2_20/4_256,PUB_R3,768,-3,765,3653834
XMSSMT-SHA2_20/4_256,PUB_R3,768,-2,766,6025630
XMSSMT-SHA2_20/4_256,PUB_R3,768,-1,767,7049703
XMSSMT-SHA2_20/4_256,PUB_R3,768,0,768,10987574
XMSSMT-SHA2_20/4_256,PUB_R3,768,1,769,5900408
XMSSMT-SHA2_20/4_256,PUB_R3,768,2,770,6164407
XMSSMT-SHA2_20/4_256,PUB_R3,768,3,771,8488222
XMSSMT-SHA2_20/4_256,PUB_R3,768,4,772,8546944
XMSSMT-SHA2_20/4_256,PUB_R3,800,-4,796,5998889
XMSSMT-SHA2_20/4_256,PUB_R3,800,-3,797,3663296
XMSSMT-SHA2_20/4_256,PUB_R3,800,-2,798,6040648
XMSSMT-SHA2_20/4_256,PUB_R3,800,-1,799,7183092
XMSSMT-SHA2_20/4_256,PUB_R3,800,0,800,6033444
XMSSMT-SHA2_20/4_256,PUB_R3,800,1,801,6063611
XMSSMT-SHA2_20/4_256,PUB_R3,800,2,802,6070222
XMSSMT-SHA2_20/4_256,PUB_R3,800,3,803,8561926
XMSSMT-SHA2_20/4_256,PUB_R3,800,4,804,8557981
XMSSMT-SHA2_20/4_256,PUB_R3,832,-4,828,6015963
XMSSMT-SHA2_20/4_256,PUB_R3,832,-3,829,3660593
XMSSMT-SHA2_20/4_256,PUB_R3,832,-2,830,6169871
XMSSMT-SHA2_20/4_256,PUB_R3,832,-1,831,7225129
XMSSMT-SHA2_20/4_256,PUB_R3,832,0,832,6012611
XMSSMT-SHA2_20/4_256,PUB_R3,832,1,833,5949111
XMSSMT-SHA2_20/4_256,PUB_R3,832,2,834,6104129
XMSSMT-SHA2_20/4_256,PUB_R3,832,3,835,8495092
XMSSMT-SHA2_20/4_256,PUB_R3,832,4,836,8442426
XMSSMT-SHA2_20/4_256,PUB_R3,864,-4,860,6083389
XMSSMT-SHA2_20/4_256,PUB_R3,864,-3,861,3461148
XMSSMT-SHA2_20/4_256,PUB_R3,864,-2,862,6072130
XMSSMT-SHA2_20/4_256,PUB_R3,864,-1,863,7197408
XMSSMT-SHA2_20/4_256,PUB_R3,864,0,864,6004482
XMSSMT-SHA2_20/4_256,PUB_R3,864,1,865,5965278
XMSSMT-SHA2_20/4_256,PUB_R3,864,2,866,6007333
XMSSMT-SHA2_20/4_256,PUB_R3,864,3,867,8563870
XMSSMT-SHA2_20/4_256,PUB_R3,864,4,868,8544000
XMSSMT-SHA2_20/4_256,PUB_R3,896,-4,892,5900759
XMSSMT-SHA2_20/4_256,PUB_R3,896,-3,893,3680722
XMSSMT-SHA2_20/4_256,PUB_R3,896,-2,894,6063149
XMSSMT-SHA2_20/4_256,PUB_R3,896,-1,895,7069703
XMSSMT-SHA2_20/4_256,PUB_R3,896,0,896,6082797
XMSSMT-SHA2_20/4_256,PUB_R3,896,1,897,6106500
XMSSMT-SHA2_20/4_256,PUB_R3,896,2,898,6029537
XMSSMT-SHA2_20/4_256,PUB_R3,896,3,899,8535445
XMSSMT-SHA2_20/4_256,PUB_R3,896,4,900,8628204
XMSSMT-SHA2_20/4_256,PUB_R3,928,-4,924,6024686
XMSSMT-SHA2_20/4_256,PUB_R3,928,-3,925,3621277
XMSSMT-SHA2_20/4_256,PUB_R3,928,-2,926,6126778
XMSSMT-SHA2_20/4_256,PUB_R3,928,-1,927,7342130
XMSSMT-SHA2_20/4_256,PUB_R3,928,0,928,6098277
XMSSMT-SHA2_20/4_256,PUB_R3,928,1,929,6131704
XMSSMT-SHA2_20/4_256,PUB_R3,928,2,930,5891778
XMSSMT-SHA2_20/4_256,PUB_R3,928,3,931,8491722
XMSSMT-SHA2_20/4_256,PUB_R3,928,4,932,8484500
XMSSMT-SHA2_20/4_256,PUB_R3,960,-4,956,6101555
XMSSMT-SHA2_20/4_256,PUB_R3,960,-3,957,3640260
XMSSMT-SHA2_20/4_256,PUB_R3,960,-2,958,6089648
XMSSMT-SHA2_20/4_256,PUB_R3,960,-1,959,5103389
XMSSMT-SHA2_20/4_256,PUB_R3,960,0,960,6175259
XMSSMT-SHA2_20/4_256,PUB_R3,960,1,961,6043241
XMSSMT-SHA2_20/4_256,PUB_R3,960,2,962,6107926
XMSSMT-SHA2_20/4_256,PUB_R3,960,3,963,8572741
XMSSMT-SHA2_20/4_256,PUB_R3,960,4,964,8596481
XMSSMT-SHA2_20/4_256,PUB_R3,992,-4,988,6045592
XMSSMT-SHA2_20/4_256,PUB_R3,992,-3,989,3427112
XMSSMT-SHA2_20/4_256,PUB_R3,992,-2,990,6106815
XMSSMT-SHA2_20/4_256,PUB_R3,992,-1,991,7269352
XMSSMT-SHA2_20/4_256,PUB_R3,992,0,992,6104666
XMSSMT-SHA2_20/4_256,PUB_R3,992,1,993,6081648
XMSSMT-SHA2_20/4_256,PUB_R3,992,2,994,6019408
XMSSMT-SHA2_20/4_256,PUB_R3,992,3,995,8581278
XMSSMT-SHA2_20/4_256,PUB_R3,992,4,996,8480519
