parameter_set,key_rep,reference_index,relative_index,signature_index,sign_ns
XMSS-SHA2_10_256,PUB_R1,4,-4,0,3384981
XMSS-SHA2_10_256,PUB_R1,4,-3,1,3491056
XMSS-SHA2_10_256,PUB_R1,4,-2,2,3609630
XMSS-SHA2_10_256,PUB_R1,4,-1,3,8406945
XMSS-SHA2_10_256,PUB_R1,4,0,4,3487149
XMSS-SHA2_10_256,PUB_R1,4,1,5,3514130
XMSS-SHA2_10_256,PUB_R1,4,2,6,3294482
XMSS-SHA2_10_256,PUB_R1,4,3,7,12909111
XMSS-SHA2_10_256,PUB_R1,4,4,8,8240389
XMSS-SHA2_10_256,PUB_R1,8,-4,4,3487149
XMSS-SHA2_10_256,PUB_R1,8,-3,5,3514130
XMSS-SHA2_10_256,PUB_R1,8,-2,6,3294482
XMSS-SHA2_10_256,PUB_R1,8,-1,7,12909111
XMSS-SHA2_10_256,PUB_R1,8,0,8,8240389
XMSS-SHA2_10_256,PUB_R1,8,1,9,3483870
XMSS-SHA2_10_256,PUB_R1,8,2,10,3482000
XMSS-SHA2_10_256,PUB_R1,8,3,11,8337611
XMSS-SHA2_10_256,PUB_R1,8,4,12,3358000
XMSS-SHA2_10_256,PUB_R1,16,-4,12,3358000
XMSS-SHA2_10_256,PUB_R1,16,-3,13,3358963
XMSS-SHA2_10_256,PUB_R1,16,-2,14,3544759
XMSS-SHA2_10_256,PUB_R1,16,-1,15,12926723
XMSS-SHA2_10_256,PUB_R1,16,0,16,15379759
XMSS-SHA2_10_256,PUB_R1,16,1,17,13054889
XMSS-SHA2_10_256,PUB_R1,16,2,18,5845778
XMSS-SHA2_10_256,PUB_R1,16,3,19,8288760
XMSS-SHA2_10_256,PUB_R1,16,4,20,3455740
XMSS-SHA2_10_256,PUB_R1,32,-4,28,3452370
XMSS-SHA2_10_256,PUB_R1,32,-3,29,3560722
XMSS-SHA2_10_256,PUB_R1,32,-2,30,3396889
XMSS-SHA2_10_256,PUB_R1,32,-1,31,13004260
XMSS-SHA2_10_256,PUB_R1,32,0,32,15293148
XMSS-SHA2_10_256,PUB_R1,32,1,33,13102333
XMSS-SHA2_10_256,PUB_R1,32,2,34,15270926
XMSS-SHA2_10_256,PUB_R1,32,3,35,13156555
XMSS-SHA2_10_256,PUB_R1,32,4,36,15380760
XMSS-SHA2_10_256,PUB_R1,64,-4,60,3563111
XMSS-SHA2_10_256,PUB_R1,64,-3,61,3545111
XMSS-SHA2_10_256,PUB_R1,64,-2,62,3450037
XMSS-SHA2_10_256,PUB_R1,64,-1,63,12928722
XMSS-SHA2_10_256,PUB_R1,64,0,64,15461518
XMSS-SHA2_10_256,PUB_R1,64,1,65,13109685
XMSS-SHA2_10_256,PUB_R1,64,2,66,15305907
XMSS-SHA2_10_256,PUB_R1,64,3,67,12981333
XMSS-SHA2_10_256,PUB_R1,64,4,68,15466037
XMSS-SHA2_10_256,PUB_R1,128,-4,124,3589260
XMSS-SHA2_10_256,PUB_R1,128,-3,125,3548741
XMSS-SHA2_10_256,PUB_R1,128,-2,126,3497074
XMSS-SHA2_10_256,PUB_R1,128,-1,127,13008889
XMSS-SHA2_10_256,PUB_R1,128,0,128,15459093
XMSS-SHA2_10_256,PUB_R1,128,1,129,13029314
XMSS-SHA2_10_256,PUB_R1,128,2,130,15470093
XMSS-SHA2_10_256,PUB_R1,128,3,131,13061741
XMSS-SHA2_10_256,PUB_R1,128,4,132,15387296
XMSS-SHA2_10_256,PUB_R1,256,-4,252,3650666
XMSS-SHA2_10_256,PUB_R1,256,-3,253,3610222
XMSS-SHA2_10_256,PUB_R1,256,-2,254,3583870
XMSS-SHA2_10_256,PUB_R1,256,-1,255,12982277
XMSS-SHA2_10_256,PUB_R1,256,0,256,15427500
XMSS-SHA2_10_256,PUB_R1,256,1,257,12906500
XMSS-SHA2_10_256,PUB_R1,256,2,258,15572592
XMSS-SHA2_10_256,PUB_R1,256,3,259,13148334
XMSS-SHA2_10_256,PUB_R1,256,4,260,15305463
XMSS-SHA2_10_256,PUB_R1,512,-4,508,3484333
XMSS-SHA2_10_256,PUB_R1,512,-3,509,3487019
XMSS-SHA2_10_256,PUB_R1,512,-2,510,3454389
XMSS-SHA2_10_256,PUB_R1,512,-1,511,12929666
XMSS-SHA2_10_256,PUB_R1,512,0,512,15426074
XMSS-SHA2_10_256,PUB_R1,512,1,513,13021389
XMSS-SHA2_10_256,PUB_R1,512,2,514,15319629
XMSS-SHA2_10_256,PUB_R1,512,3,515,12894500
XMSS-SHA2_10_256,PUB_R1,512,4,516,15440222
XMSS-SHA2_10_256,PUB_R2,4,-4,0,3608129
XMSS-SHA2_10_256,PUB_R2,4,-3,1,3563388
XMSS-SHA2_10_256,PUB_R2,4,-2,2,3612648
XMSS-SHA2_10_256,PUB_R2,4,-1,3,8330741
XMSS-SHA2_10_256,PUB_R2,4,0,4,3551796
XMSS-SHA2_10_256,PUB_R2,4,1,5,3522259
XMSS-SHA2_10_256,PUB_R2,4,2,6,3614037
XMSS-SHA2_10_256,PUB_R2,4,3,7,12950204
XMSS-SHA2_10_256,PUB_R2,4,4,8,8333574
XMSS-SHA2_10_256,PUB_R2,8,-4,4,3551796
XMSS-SHA2_10_256,PUB_R2,8,-3,5,3522259
XMSS-SHA2_10_256,PUB_R2,8,-2,6,3614037
XMSS-SHA2_10_256,PUB_R2,8,-1,7,12950204
XMSS-SHA2_10_256,PUB_R2,8,0,8,8333574
XMSS-SHA2_10_256,PUB_R2,8,1,9,3558074
XMSS-SHA2_10_256,PUB_R2,8,2,10,3325908
XMSS-SHA2_10_256,PUB_R2,8,3,11,8235648
XMSS-SHA2_10_256,PUB_R2,8,4,12,3550019
XMSS-SHA2_10_256,PUB_R2,16,-4,12,3550019
XMSS-SHA2_10_256,PUB_R2,16,-3,13,3559703
XMSS-SHA2_10_256,PUB_R2,16,-2,14,3393278
XMSS-SHA2_10_256,PUB_R2,16,-1,15,13035556
XMSS-SHA2_10_256,PUB_R2,16,0,16,15418870
XMSS-SHA2_10_256,PUB_R2,16,1,17,13110148
XMSS-SHA2_10_256,PUB_R2,16,2,18,5887666
XMSS-SHA2_10_256,PUB_R2,16,3,19,8299055
XMSS-SHA2_10_256,PUB_R2,16,4,20,3523481
XMSS-SHA2_10_256,PUB_R2,32,-4,28,3263870
XMSS-SHA2_10_256,PUB_R2,32,-3,29,3593018
XMSS-SHA2_10_256,PUB_R2,32,-2,30,3615926
XMSS-SHA2_10_256,PUB_R2,32,-1,31,13106981
XMSS-SHA2_10_256,PUB_R2,32,0,32,15364111
XMSS-SHA2_10_256,PUB_R2,32,1,33,13186796
XMSS-SHA2_10_256,PUB_R2,32,2,34,15490852
XMSS-SHA2_10_256,PUB_R2,32,3,35,13109648
XMSS-SHA2_10_256,PUB_R2,32,4,36,15483055
XMSS-SHA2_10_256,PUB_R2,64,-4,60,3585203
XMSS-SHA2_10_256,PUB_R2,64,-3,61,3560371
XMSS-SHA2_10_256,PUB_R2,64,-2,62,3549852
XMSS-SHA2_10_256,PUB_R2,64,-1,63,13040444
XMSS-SHA2_10_256,PUB_R2,64,0,64,15464871
XMSS-SHA2_10_256,PUB_R2,64,1,65,13046871
XMSS-SHA2_10_256,PUB_R2,64,2,66,15456500
XMSS-SHA2_10_256,PUB_R2,64,3,67,13077111
XMSS-SHA2_10_256,PUB_R2,64,4,68,15435666
XMSS-SHA2_10_256,PUB_R2,128,-4,124,3552592
XMSS-SHA2_10_256,PUB_R2,128,-3,125,3494074
XMSS-SHA2_10_256,PUB_R2,128,-2,126,3456777
XMSS-SHA2_10_256,PUB_R2,128,-1,127,13036815
XMSS-SHA2_10_256,PUB_R2,128,0,128,15392981
XMSS-SHA2_10_256,PUB_R2,128,1,129,13097852
XMSS-SHA2_10_256,PUB_R2,128,2,130,15429204
XMSS-SHA2_10_256,PUB_R2,128,3,131,13012149
XMSS-SHA2_10_256,PUB_R2,128,4,132,15593259
XMSS-SHA2_10_256,PUB_R2,256,-4,252,3617388
XMSS-SHA2_10_256,PUB_R2,256,-3,253,3588352
XMSS-SHA2_10_256,PUB_R2,256,-2,254,3455592
XMSS-SHA2_10_256,PUB_R2,256,-1,255,13108204
XMSS-SHA2_10_256,PUB_R2,256,0,256,15332130
XMSS-SHA2_10_256,PUB_R2,256,1,257,12947833
XMSS-SHA2_10_256,PUB_R2,256,2,258,15541111
XMSS-SHA2_10_256,PUB_R2,256,3,259,13097889
XMSS-SHA2_10_256,PUB_R2,256,4,260,15455074
XMSS-SHA2_10_256,PUB_R2,512,-4,508,3519908
XMSS-SHA2_10_256,PUB_R2,512,-3,509,3557241
XMSS-SHA2_10_256,PUB_R2,512,-2,510,3491685
XMSS-SHA2_10_256,PUB_R2,512,-1,511,12957629
XMSS-SHA2_10_256,PUB_R2,512,0,512,15395870
XMSS-SHA2_10_256,PUB_R2,512,1,513,13003537
XMSS-SHA2_10_256,PUB_R2,512,2,514,15308574
XMSS-SHA2_10_256,PUB_R2,512,3,515,13003741
XMSS-SHA2_10_256,PUB_R2,512,4,516,15458315
XMSS-SHA2_10_256,PUB_R3,4,-4,0,3358778
XMSS-SHA2_10_256,PUB_R3,4,-3,1,3586667
XMSS-SHA2_10_256,PUB_R3,4,-2,2,3457130
XMSS-SHA2_10_256,PUB_R3,4,-1,3,8067445
XMSS-SHA2_10_256,PUB_R3,4,0,4,3484037
XMSS-SHA2_10_256,PUB_R3,4,1,5,3521723
XMSS-SHA2_10_256,PUB_R3,4,2,6,3539555
XMSS-SHA2_10_256,PUB_R3,4,3,7,12903148
XMSS-SHA2_10_256,PUB_R3,4,4,8,8481537
XMSS-SHA2_10_256,PUB_R3,8,-4,4,3484037
XMSS-SHA2_10_256,PUB_R3,8,-3,5,3521723
XMSS-SHA2_10_256,PUB_R3,8,-2,6,3539555
XMSS-SHA2_10_256,PUB_R3,8,-1,7,12903148
XMSS-SHA2_10_256,PUB_R3,8,0,8,8481537
XMSS-SHA2_10_256,PUB_R3,8,1,9,3453241
XMSS-SHA2_10_256,PUB_R3,8,2,10,3530093
XMSS-SHA2_10_256,PUB_R3,8,3,11,8120907
XMSS-SHA2_10_256,PUB_R3,8,4,12,3535278
XMSS-SHA2_10_256,PUB_R3,16,-4,12,3535278
XMSS-SHA2_10_256,PUB_R3,16,-3,13,3581408
XMSS-SHA2_10_256,PUB_R3,16,-2,14,3487426
XMSS-SHA2_10_256,PUB_R3,16,-1,15,13081889
XMSS-SHA2_10_256,PUB_R3,16,0,16,15395648
XMSS-SHA2_10_256,PUB_R3,16,1,17,13044777
XMSS-SHA2_10_256,PUB_R3,16,2,18,5743093
XMSS-SHA2_10_256,PUB_R3,16,3,19,8207389
XMSS-SHA2_10_256,PUB_R3,16,4,20,3576074
XMSS-SHA2_10_256,PUB_R3,32,-4,28,3452537
XMSS-SHA2_10_256,PUB_R3,32,-3,29,3517630
XMSS-SHA2_10_256,PUB_R3,32,-2,30,3514055
XMSS-SHA2_10_256,PUB_R3,32,-1,31,13132963
XMSS-SHA2_10_256,PUB_R3,32,0,32,15546315
XMSS-SHA2_10_256,PUB_R3,32,1,33,13043370
XMSS-SHA2_10_256,PUB_R3,32,2,34,15488686
XMSS-SHA2_10_256,PUB_R3,32,3,35,12986093
XMSS-SHA2_10_256,PUB_R3,32,4,36,15418685
XMSS-SHA2_10_256,PUB_R3,64,-4,60,3517593
XMSS-SHA2_10_256,PUB_R3,64,-3,61,3549371
XMSS-SHA2_10_256,PUB_R3,64,-2,62,3471611
XMSS-SHA2_10_256,PUB_R3,64,-1,63,12918092
XMSS-SHA2_10_256,PUB_R3,64,0,64,15348111
XMSS-SHA2_10_256,PUB_R3,64,1,65,13160240
XMSS-SHA2_10_256,PUB_R3,64,2,66,15377741
XMSS-SHA2_10_256,PUB_R3,64,3,67,12880630
XMSS-SHA2_10_256,PUB_R3,64,4,68,15429852
XMSS-SHA2_10_256,PUB_R3,128,-4,124,3540741
XMSS-SHA2_10_256,PUB_R3,128,-3,125,3358519
XMSS-SHA2_10_256,PUB_R3,128,-2,126,3510796
XMSS-SHA2_10_256,PUB_R3,128,-1,127,13066222
XMSS-SHA2_10_256,PUB_R3,128,0,128,15399815
XMSS-SHA2_10_256,PUB_R3,128,1,129,12893444
XMSS-SHA2_10_256,PUB_R3,128,2,130,15359629
XMSS-SHA2_10_256,PUB_R3,128,3,131,13019778
XMSS-SHA2_10_256,PUB_R3,128,4,132,15290555
XMSS-SHA2_10_256,PUB_R3,256,-4,252,3545259
XMSS-SHA2_10_256,PUB_R3,256,-3,253,3490870
XMSS-SHA2_10_256,PUB_R3,256,-2,254,3497371
XMSS-SHA2_10_256,PUB_R3,256,-1,255,13045593
XMSS-SHA2_10_256,PUB_R3,256,0,256,15265482
XMSS-SHA2_10_256,PUB_R3,256,1,257,13037815
XMSS-SHA2_10_256,PUB_R3,256,2,258,15409926
XMSS-SHA2_10_256,PUB_R3,256,3,259,13121722
XMSS-SHA2_10_256,PUB_R3,256,4,260,15370241
XMSS-SHA2_10_256,PUB_R3,512,-4,508,3488871
XMSS-SHA2_10_256,PUB_R3,512,-3,509,3578019
XMSS-SHA2_10_256,PUB_R3,512,-2,510,3584722
XMSS-SHA2_10_256,PUB_R3,512,-1,511,13154185
XMSS-SHA2_10_256,PUB_R3,512,0,512,15435019
XMSS-SHA2_10_256,PUB_R3,512,1,513,13031408
XMSS-SHA2_10_256,PUB_R3,512,2,514,15336482
XMSS-SHA2_10_256,PUB_R3,512,3,515,12875834
XMSS-SHA2_10_256,PUB_R3,512,4,516,15435296
XMSS-SHA2_16_256,PUB_R1,4,-4,0,3614518
XMSS-SHA2_16_256,PUB_R1,4,-3,1,3537241
XMSS-SHA2_16_256,PUB_R1,4,-2,2,3660870
XMSS-SHA2_16_256,PUB_R1,4,-1,3,8420500
XMSS-SHA2_16_256,PUB_R1,4,0,4,3598537
XMSS-SHA2_16_256,PUB_R1,4,1,5,3593982
XMSS-SHA2_16_256,PUB_R1,4,2,6,3467556
XMSS-SHA2_16_256,PUB_R1,4,3,7,18156148
XMSS-SHA2_16_256,PUB_R1,4,4,8,3543185
XMSS-SHA2_16_256,PUB_R1,8,-4,4,3598537
XMSS-SHA2_16_256,PUB_R1,8,-3,5,3593982
XMSS-SHA2_16_256,PUB_R1,8,-2,6,3467556
XMSS-SHA2_16_256,PUB_R1,8,-1,7,18156148
XMSS-SHA2_16_256,PUB_R1,8,0,8,3543185
XMSS-SHA2_16_256,PUB_R1,8,1,9,3560834
XMSS-SHA2_16_256,PUB_R1,8,2,10,3628074
XMSS-SHA2_16_256,PUB_R1,8,3,11,8279703
XMSS-SHA2_16_256,PUB_R1,8,4,12,3675667
XMSS-SHA2_16_256,PUB_R1,16,-4,12,3675667
XMSS-SHA2_16_256,PUB_R1,16,-3,13,3636778
XMSS-SHA2_16_256,PUB_R1,16,-2,14,3581741
XMSS-SHA2_16_256,PUB_R1,16,-1,15,20646833
XMSS-SHA2_16_256,PUB_R1,16,0,16,20529352
XMSS-SHA2_16_256,PUB_R1,16,1,17,3681518
XMSS-SHA2_16_256,PUB_R1,16,2,18,3589018
XMSS-SHA2_16_256,PUB_R1,16,3,19,8433518
XMSS-SHA2_16_256,PUB_R1,16,4,20,3585130
XMSS-SHA2_16_256,PUB_R1,32,-4,28,3739519
XMSS-SHA2_16_256,PUB_R1,32,-3,29,3612630
XMSS-SHA2_16_256,PUB_R1,32,-2,30,3537870
XMSS-SHA2_16_256,PUB_R1,32,-1,31,20799389
XMSS-SHA2_16_256,PUB_R1,32,0,32,23149204
XMSS-SHA2_16_256,PUB_R1,32,1,33,20716092
XMSS-SHA2_16_256,PUB_R1,32,2,34,23045463
XMSS-SHA2_16_256,PUB_R1,32,3,35,8385722
XMSS-SHA2_16_256,PUB_R1,32,4,36,3636500
XMSS-SHA2_16_256,PUB_R1,64,-4,60,3533296
XMSS-SHA2_16_256,PUB_R1,64,-3,61,3554203
XMSS-SHA2_16_256,PUB_R1,64,-2,62,3533797
XMSS-SHA2_16_256,PUB_R1,64,-1,63,20623426
XMSS-SHA2_16_256,PUB_R1,64,0,64,23203556
XMSS-SHA2_16_256,PUB_R1,64,1,65,20620204
XMSS-SHA2_16_256,PUB_R1,64,2,66,23195556
XMSS-SHA2_16_256,PUB_R1,64,3,67,20502704
XMSS-SHA2_16_256,PUB_R1,64,4,68,23036778
XMSS-SHA2_16_256,PUB_R1,128,-4,124,3687463
XMSS-SHA2_16_256,PUB_R1,128,-3,125,3630482
XMSS-SHA2_16_256,PUB_R1,128,-2,126,3567111
XMSS-SHA2_16_256,PUB_R1,128,-1,127,20484371
XMSS-SHA2_16_256,PUB_R1,128,0,128,23124055
XMSS-SHA2_16_256,PUB_R1,128,1,129,20383074
XMSS-SHA2_16_256,PUB_R1,128,2,130,22927167
XMSS-SHA2_16_256,PUB_R1,128,3,131,20621871
XMSS-SHA2_16_256,PUB_R1,128,4,132,23072685
XMSS-SHA2_16_256,PUB_R1,256,-4,252,3607593
XMSS-SHA2_16_256,PUB_R1,256,-3,253,3432130
XMSS-SHA2_16_256,PUB_R1,256,-2,254,3601352
XMSS-SHA2_16_256,PUB_R1,256,-1,255,20683463
XMSS-SHA2_16_256,PUB_R1,256,0,256,23098926
XMSS-SHA2_16_256,PUB_R1,256,1,257,20447352
XMSS-SHA2_16_256,PUB_R1,256,2,258,23109463
XMSS-SHA2_16_256,PUB_R1,256,3,259,20639556
XMSS-SHA2_16_256,PUB_R1,256,4,260,23196277
XMSS-SHA2_16_256,PUB_R1,512,-4,508,3711000
XMSS-SHA2_16_256,PUB_R1,512,-3,509,3598074
XMSS-SHA2_16_256,PUB_R1,512,-2,510,3697722
XMSS-SHA2_16_256,PUB_R1,512,-1,511,20447093
XMSS-SHA2_16_256,PUB_R1,512,0,512,23208722
XMSS-SHA2_16_256,PUB_R1,512,1,513,20689704
XMSS-SHA2_16_256,PUB_R1,512,2,514,22998259
XMSS-SHA2_16_256,PUB_R1,512,3,515,20675500
XMSS-SHA2_16_256,PUB_R1,512,4,516,23040871
XMSS-SHA2_16_256,PUB_R1,1024,-4,1020,3632611
XMSS-SHA2_16_256,PUB_R1,1024,-3,1021,3607963
XMSS-SHA2_16_256,PUB_R1,1024,-2,1022,3474408
XMSS-SHA2_16_256,PUB_R1,1024,-1,1023,20699092
XMSS-SHA2_16_256,PUB_R1,1024,0,1024,23055111
XMSS-SHA2_16_256,PUB_R1,1024,1,1025,20686407
XMSS-SHA2_16_256,PUB_R1,1024,2,1026,23140593
XMSS-SHA2_16_256,PUB_R1,1024,3,1027,20620500
XMSS-SHA2_16_256,PUB_R1,1024,4,1028,22834685
XMSS-SHA2_16_256,PUB_R1,2048,-4,2044,3634815
XMSS-SHA2_16_256,PUB_R1,2048,-3,2045,3605908
XMSS-SHA2_16_256,PUB_R1,2048,-2,2046,3533759
XMSS-SHA2_16_256,PUB_R1,2048,-1,2047,20591648
XMSS-SHA2_16_256,PUB_R1,2048,0,2048,23180240
XMSS-SHA2_16_256,PUB_R1,2048,1,2049,20583112
XMSS-SHA2_16_256,PUB_R1,2048,2,2050,23189130
XMSS-SHA2_16_256,PUB_R1,2048,3,2051,20670926
XMSS-SHA2_16_256,PUB_R1,2048,4,2052,23170723
XMSS-SHA2_16_256,PUB_R1,4096,-4,4092,3700871
XMSS-SHA2_16_256,PUB_R1,4096,-3,4093,3631370
XMSS-SHA2_16_256,PUB_R1,4096,-2,4094,3563611
XMSS-SHA2_16_256,PUB_R1,4096,-1,4095,20584093
XMSS-SHA2_16_256,PUB_R1,4096,0,4096,23078444
XMSS-SHA2_16_256,PUB_R1,4096,1,4097,20672833
XMSS-SHA2_16_256,PUB_R1,4096,2,4098,23060407
XMSS-SHA2_16_256,PUB_R1,4096,3,4099,20775185
XMSS-SHA2_16_256,PUB_R1,4096,4,4100,22925500
XMSS-SHA2_16_256,PUB_R1,8192,-4,8188,3438074
XMSS-SHA2_16_256,PUB_R1,8192,-3,8189,3564463
XMSS-SHA2_16_256,PUB_R1,8192,-2,8190,3486630
XMSS-SHA2_16_256,PUB_R1,8192,-1,8191,20539907
XMSS-SHA2_16_256,PUB_R1,8192,0,8192,23182482
XMSS-SHA2_16_256,PUB_R1,8192,1,8193,20618648
XMSS-SHA2_16_256,PUB_R1,8192,2,8194,23002870
XMSS-SHA2_16_256,PUB_R1,8192,3,8195,20596555
XMSS-SHA2_16_256,PUB_R1,8192,4,8196,23099037
XMSS-SHA2_16_256,PUB_R1,16384,-4,16380,3614611
XMSS-SHA2_16_256,PUB_R1,16384,-3,16381,3632611
XMSS-SHA2_16_256,PUB_R1,16384,-2,16382,3536259
XMSS-SHA2_16_256,PUB_R1,16384,-1,16383,20659333
XMSS-SHA2_16_256,PUB_R1,16384,0,16384,22990852
XMSS-SHA2_16_256,PUB_R1,16384,1,16385,20704000
XMSS-SHA2_16_256,PUB_R1,16384,2,16386,23057296
XMSS-SHA2_16_256,PUB_R1,16384,3,16387,20702129
XMSS-SHA2_16_256,PUB_R1,16384,4,16388,23042149
XMSS-SHA2_16_256,PUB_R1,32768,-4,32764,3639093
XMSS-SHA2_16_256,PUB_R1,32768,-3,32765,3521055
XMSS-SHA2_16_256,PUB_R1,32768,-2,32766,3536555
XMSS-SHA2_16_256,PUB_R1,32768,-1,32767,20616426
XMSS-SHA2_16_256,PUB_R1,32768,0,32768,23122074
XMSS-SHA2_16_256,PUB_R1,32768,1,32769,20709667
XMSS-SHA2_16_256,PUB_R1,32768,2,32770,23067722
XMSS-SHA2_16_256,PUB_R1,32768,3,32771,20397314
XMSS-SHA2_16_256,PUB_R1,32768,4,32772,23239852
XMSS-SHA2_16_256,PUB_R2,4,-4,0,3549130
XMSS-SHA2_16_256,PUB_R2,4,-3,1,3490815
XMSS-SHA2_16_256,PUB_R2,4,-2,2,3456407
XMSS-SHA2_16_256,PUB_R2,4,-1,3,8223315
XMSS-SHA2_16_256,PUB_R2,4,0,4,3618388
XMSS-SHA2_16_256,PUB_R2,4,1,5,3397852
XMSS-SHA2_16_256,PUB_R2,4,2,6,3492834
XMSS-SHA2_16_256,PUB_R2,4,3,7,17859166
XMSS-SHA2_16_256,PUB_R2,4,4,8,3366093
XMSS-SHA2_16_256,PUB_R2,8,-4,4,3618388
XMSS-SHA2_16_256,PUB_R2,8,-3,5,3397852
XMSS-SHA2_16_256,PUB_R2,8,-2,6,3492834
XMSS-SHA2_16_256,PUB_R2,8,-1,7,17859166
XMSS-SHA2_16_256,PUB_R2,8,0,8,3366093
XMSS-SHA2_16_256,PUB_R2,8,1,9,3331167
XMSS-SHA2_16_256,PUB_R2,8,2,10,3496982
XMSS-SHA2_16_256,PUB_R2,8,3,11,8294093
XMSS-SHA2_16_256,PUB_R2,8,4,12,3585556
XMSS-SHA2_16_256,PUB_R2,16,-4,12,3585556
XMSS-SHA2_16_256,PUB_R2,16,-3,13,3591223
XMSS-SHA2_16_256,PUB_R2,16,-2,14,3491241
XMSS-SHA2_16_256,PUB_R2,16,-1,15,20300389
XMSS-SHA2_16_256,PUB_R2,16,0,16,20125574
XMSS-SHA2_16_256,PUB_R2,16,1,17,3463149
XMSS-SHA2_16_256,PUB_R2,16,2,18,3553296
XMSS-SHA2_16_256,PUB_R2,16,3,19,8145889
XMSS-SHA2_16_256,PUB_R2,16,4,20,3331018
XMSS-SHA2_16_256,PUB_R2,32,-4,28,3462963
XMSS-SHA2_16_256,PUB_R2,32,-3,29,3596444
XMSS-SHA2_16_256,PUB_R2,32,-2,30,3380352
XMSS-SHA2_16_256,PUB_R2,32,-1,31,20197463
XMSS-SHA2_16_256,PUB_R2,32,0,32,22701315
XMSS-SHA2_16_256,PUB_R2,32,1,33,20032111
XMSS-SHA2_16_256,PUB_R2,32,2,34,22496426
XMSS-SHA2_16_256,PUB_R2,32,3,35,8387870
XMSS-SHA2_16_256,PUB_R2,32,4,36,3494296
XMSS-SHA2_16_256,PUB_R2,64,-4,60,3458926
XMSS-SHA2_16_256,PUB_R2,64,-3,61,3492851
XMSS-SHA2_16_256,PUB_R2,64,-2,62,3530686
XMSS-SHA2_16_256,PUB_R2,64,-1,63,20104945
XMSS-SHA2_16_256,PUB_R2,64,0,64,22446000
XMSS-SHA2_16_256,PUB_R2,64,1,65,20118056
XMSS-SHA2_16_256,PUB_R2,64,2,66,22693686
XMSS-SHA2_16_256,PUB_R2,64,3,67,20032889
XMSS-SHA2_16_256,PUB_R2,64,4,68,22498260
XMSS-SHA2_16_256,PUB_R2,128,-4,124,3597666
XMSS-SHA2_16_256,PUB_R2,128,-3,125,3471741
XMSS-SHA2_16_256,PUB_R2,128,-2,126,3406018
XMSS-SHA2_16_256,PUB_R2,128,-1,127,20359444
XMSS-SHA2_16_256,PUB_R2,128,0,128,22515537
XMSS-SHA2_16_256,PUB_R2,128,1,129,20270519
XMSS-SHA2_16_256,PUB_R2,128,2,130,22631092
XMSS-SHA2_16_256,PUB_R2,128,3,131,20222537
XMSS-SHA2_16_256,PUB_R2,128,4,132,22592444
XMSS-SHA2_16_256,PUB_R2,256,-4,252,3487796
XMSS-SHA2_16_256,PUB_R2,256,-3,253,3496148
XMSS-SHA2_16_256,PUB_R2,256,-2,254,3553370
XMSS-SHA2_16_256,PUB_R2,256,-1,255,20073204
XMSS-SHA2_16_256,PUB_R2,256,0,256,22655889
XMSS-SHA2_16_256,PUB_R2,256,1,257,20131630
XMSS-SHA2_16_256,PUB_R2,256,2,258,22639129
XMSS-SHA2_16_256,PUB_R2,256,3,259,20244333
XMSS-SHA2_16_256,PUB_R2,256,4,260,22729815
XMSS-SHA2_16_256,PUB_R2,512,-4,508,3332037
XMSS-SHA2_16_256,PUB_R2,512,-3,509,3584815
XMSS-SHA2_16_256,PUB_R2,512,-2,510,3327555
XMSS-SHA2_16_256,PUB_R2,512,-1,511,20219111
XMSS-SHA2_16_256,PUB_R2,512,0,512,22670926
XMSS-SHA2_16_256,PUB_R2,512,1,513,20270704
XMSS-SHA2_16_256,PUB_R2,512,2,514,22670297
XMSS-SHA2_16_256,PUB_R2,512,3,515,20200574
XMSS-SHA2_16_256,PUB_R2,512,4,516,22516074
XMSS-SHA2_16_256,PUB_R2,1024,-4,1020,3487074
XMSS-SHA2_16_256,PUB_R2,1024,-3,1021,3598277
XMSS-SHA2_16_256,PUB_R2,1024,-2,1022,3663926
XMSS-SHA2_16_256,PUB_R2,1024,-1,1023,20245426
XMSS-SHA2_16_256,PUB_R2,1024,0,1024,22744093
XMSS-SHA2_16_256,PUB_R2,1024,1,1025,20270981
XMSS-SHA2_16_256,PUB_R2,1024,2,1026,22740926
XMSS-SHA2_16_256,PUB_R2,1024,3,1027,20256500
XMSS-SHA2_16_256,PUB_R2,1024,4,1028,22617870
XMSS-SHA2_16_256,PUB_R2,2048,-4,2044,3536778
XMSS-SHA2_16_256,PUB_R2,2048,-3,2045,3502371
XMSS-SHA2_16_256,PUB_R2,2048,-2,2046,3489463
XMSS-SHA2_16_256,PUB_R2,2048,-1,2047,20337722
XMSS-SHA2_16_256,PUB_R2,2048,0,2048,22624833
XMSS-SHA2_16_256,PUB_R2,2048,1,2049,20280426
XMSS-SHA2_16_256,PUB_R2,2048,2,2050,22631204
XMSS-SHA2_16_256,PUB_R2,2048,3,2051,20306426
XMSS-SHA2_16_256,PUB_R2,2048,4,2052,22669241
XMSS-SHA2_16_256,PUB_R2,4096,-4,4092,3559111
XMSS-SHA2_16_256,PUB_R2,4096,-3,4093,3559593
XMSS-SHA2_16_256,PUB_R2,4096,-2,4094,3377852
XMSS-SHA2_16_256,PUB_R2,4096,-1,4095,20240667
XMSS-SHA2_16_256,PUB_R2,4096,0,4096,22624925
XMSS-SHA2_16_256,PUB_R2,4096,1,4097,20315630
XMSS-SHA2_16_256,PUB_R2,4096,2,4098,22396703
XMSS-SHA2_16_256,PUB_R2,4096,3,4099,20281630
XMSS-SHA2_16_256,PUB_R2,4096,4,4100,22706000
XMSS-SHA2_16_256,PUB_R2,8192,-4,8188,3465556
XMSS-SHA2_16_256,PUB_R2,8192,-3,8189,3568148
XMSS-SHA2_16_256,PUB_R2,8192,-2,8190,3551908
XMSS-SHA2_16_256,PUB_R2,8192,-1,8191,20278037
XMSS-SHA2_16_256,PUB_R2,8192,0,8192,22622500
XMSS-SHA2_16_256,PUB_R2,8192,1,8193,20221445
XMSS-SHA2_16_256,PUB_R2,8192,2,8194,22699093
XMSS-SHA2_16_256,PUB_R2,8192,3,8195,20186389
XMSS-SHA2_16_256,PUB_R2,8192,4,8196,22565260
XMSS-SHA2_16_256,PUB_R2,16384,-4,16380,3624111
XMSS-SHA2_16_256,PUB_R2,16384,-3,16381,3462963
XMSS-SHA2_16_256,PUB_R2,16384,-2,16382,3530759
XMSS-SHA2_16_256,PUB_R2,16384,-1,16383,20260778
XMSS-SHA2_16_256,PUB_R2,16384,0,16384,22624018
XMSS-SHA2_16_256,PUB_R2,16384,1,16385,20276704
XMSS-SHA2_16_256,PUB_R2,16384,2,16386,22741075
XMSS-SHA2_16_256,PUB_R2,16384,3,16387,20285444
XMSS-SHA2_16_256,PUB_R2,16384,4,16388,22656000
XMSS-SHA2_16_256,PUB_R2,32768,-4,32764,3331611
XMSS-SHA2_16_256,PUB_R2,32768,-3,32765,3371389
XMSS-SHA2_16_256,PUB_R2,32768,-2,32766,3524574
XMSS-SHA2_16_256,PUB_R2,32768,-1,32767,20318426
XMSS-SHA2_16_256,PUB_R2,32768,0,32768,22665611
XMSS-SHA2_16_256,PUB_R2,32768,1,32769,20309833
XMSS-SHA2_16_256,PUB_R2,32768,2,32770,22600500
XMSS-SHA2_16_256,PUB_R2,32768,3,32771,20282148
XMSS-SHA2_16_256,PUB_R2,32768,4,32772,22660056
XMSS-SHA2_16_256,PUB_R3,4,-4,0,3531056
XMSS-SHA2_16_256,PUB_R3,4,-3,1,3639852
XMSS-SHA2_16_256,PUB_R3,4,-2,2,3759314
XMSS-SHA2_16_256,PUB_R3,4,-1,3,8478407
XMSS-SHA2_16_256,PUB_R3,4,0,4,3620370
XMSS-SHA2_16_256,PUB_R3,4,1,5,3668223
XMSS-SHA2_16_256,PUB_R3,4,2,6,3644463
XMSS-SHA2_16_256,PUB_R3,4,3,7,18684889
XMSS-SHA2_16_256,PUB_R3,4,4,8,3429371
XMSS-SHA2_16_256,PUB_R3,8,-4,4,3620370
XMSS-SHA2_16_256,PUB_R3,8,-3,5,3668223
XMSS-SHA2_16_256,PUB_R3,8,-2,6,3644463
XMSS-SHA2_16_256,PUB_R3,8,-1,7,18684889
XMSS-SHA2_16_256,PUB_R3,8,0,8,3429371
XMSS-SHA2_16_256,PUB_R3,8,1,9,3756315
XMSS-SHA2_16_256,PUB_R3,8,2,10,3619407
XMSS-SHA2_16_256,PUB_R3,8,3,11,8733204
XMSS-SHA2_16_256,PUB_R3,8,4,12,3706518
XMSS-SHA2_16_256,PUB_R3,16,-4,12,3706518
XMSS-SHA2_16_256,PUB_R3,16,-3,13,3696740
XMSS-SHA2_16_256,PUB_R3,16,-2,14,3549037
XMSS-SHA2_16_256,PUB_R3,16,-1,15,20964352
XMSS-SHA2_16_256,PUB_R3,16,0,16,20953351
XMSS-SHA2_16_256,PUB_R3,16,1,17,3624333
XMSS-SHA2_16_256,PUB_R3,16,2,18,3495574
XMSS-SHA2_16_256,PUB_R3,16,3,19,8494426
XMSS-SHA2_16_256,PUB_R3,16,4,20,3690629
XMSS-SHA2_16_256,PUB_R3,32,-4,28,3656722
XMSS-SHA2_16_256,PUB_R3,32,-3,29,3524204
XMSS-SHA2_16_256,PUB_R3,32,-2,30,3708074
XMSS-SHA2_16_256,PUB_R3,32,-1,31,21054074
XMSS-SHA2_16_256,PUB_R3,32,0,32,23487981
XMSS-SHA2_16_256,PUB_R3,32,1,33,21025166
XMSS-SHA2_16_256,PUB_R3,32,2,34,23485518
XMSS-SHA2_16_256,PUB_R3,32,3,35,8705092
XMSS-SHA2_16_256,PUB_R3,32,4,36,3661296
XMSS-SHA2_16_256,PUB_R3,64,-4,60,3738945
XMSS-SHA2_16_256,PUB_R3,64,-3,61,3545778
XMSS-SHA2_16_256,PUB_R3,64,-2,62,3631908
XMSS-SHA2_16_256,PUB_R3,64,-1,63,20979296
XMSS-SHA2_16_256,PUB_R3,64,0,64,23634667
XMSS-SHA2_16_256,PUB_R3,64,1,65,20980722
XMSS-SHA2_16_256,PUB_R3,64,2,66,23687445
XMSS-SHA2_16_256,PUB_R3,64,3,67,21126389
XMSS-SHA2_16_256,PUB_R3,64,4,68,23471852
XMSS-SHA2_16_256,PUB_R3,128,-4,124,3588982
XMSS-SHA2_16_256,PUB_R3,128,-3,125,3684870
XMSS-SHA2_16_256,PUB_R3,128,-2,126,3421685
XMSS-SHA2_16_256,PUB_R3,128,-1,127,21044944
XMSS-SHA2_16_256,PUB_R3,128,0,128,23434852
XMSS-SHA2_16_256,PUB_R3,128,1,129,21126426
XMSS-SHA2_16_256,PUB_R3,128,2,130,23519833
XMSS-SHA2_16_256,PUB_R3,128,3,131,20993056
XMSS-SHA2_16_256,PUB_R3,128,4,132,23493130
XMSS-SHA2_16_256,PUB_R3,256,-4,252,3584556
XMSS-SHA2_16_256,PUB_R3,256,-3,253,3714889
XMSS-SHA2_16_256,PUB_R3,256,-2,254,3622241
XMSS-SHA2_16_256,PUB_R3,256,-1,255,21077833
XMSS-SHA2_16_256,PUB_R3,256,0,256,23532611
XMSS-SHA2_16_256,PUB_R3,256,1,257,21063611
XMSS-SHA2_16_256,PUB_R3,256,2,258,23506370
XMSS-SHA2_16_256,PUB_R3,256,3,259,21027444
XMSS-SHA2_16_256,PUB_R3,256,4,260,23414426
XMSS-SHA2_16_256,PUB_R3,512,-4,508,3701630
XMSS-SHA2_16_256,PUB_R3,512,-3,509,3623870
XMSS-SHA2_16_256,PUB_R3,512,-2,510,3586760
XMSS-SHA2_16_256,PUB_R3,512,-1,511,20761704
XMSS-SHA2_16_256,PUB_R3,512,0,512,23340315
XMSS-SHA2_16_256,PUB_R3,512,1,513,21091815
XMSS-SHA2_16_256,PUB_R3,512,2,514,23445981
XMSS-SHA2_16_256,PUB_R3,512,3,515,20932093
XMSS-SHA2_16_256,PUB_R3,512,4,516,23749759
XMSS-SHA2_16_256,PUB_R3,1024,-4,1020,3685407
XMSS-SHA2_16_256,PUB_R3,1024,-3,1021,3749685
XMSS-SHA2_16_256,PUB_R3,1024,-2,1022,3656408
XMSS-SHA2_16_256,PUB_R3,1024,-1,1023,21102260
XMSS-SHA2_16_256,PUB_R3,1024,0,1024,23381648
XMSS-SHA2_16_256,PUB_R3,1024,1,1025,21211537
XMSS-SHA2_16_256,PUB_R3,1024,2,1026,23390852
XMSS-SHA2_16_256,PUB_R3,1024,3,1027,20953815
XMSS-SHA2_16_256,PUB_R3,1024,4,1028,23444723
XMSS-SHA2_16_256,PUB_R3,2048,-4,2044,3751759
XMSS-SHA2_16_256,PUB_R3,2048,-3,2045,3519241
XMSS-SHA2_16_256,PUB_R3,2048,-2,2046,3617760
XMSS-SHA2_16_256,PUB_R3,2048,-1,2047,20987018
XMSS-SHA2_16_256,PUB_R3,2048,0,2048,23438074
XMSS-SHA2_16_256,PUB_R3,2048,1,2049,20981500
XMSS-SHA2_16_256,PUB_R3,2048,2,2050,23288963
XMSS-SHA2_16_256,PUB_R3,2048,3,2051,20922574
XMSS-SHA2_16_256,PUB_R3,2048,4,2052,23478019
XMSS-SHA2_16_256,PUB_R3,4096,-4,4092,3613908
XMSS-SHA2_16_256,PUB_R3,4096,-3,4093,3660963
XMSS-SHA2_16_256,PUB_R3,4096,-2,4094,3616093
XMSS-SHA2_16_256,PUB_R3,4096,-1,4095,21003981
XMSS-SHA2_16_256,PUB_R3,4096,0,4096,23446222
XMSS-SHA2_16_256,PUB_R3,4096,1,4097,20883333
XMSS-SHA2_16_256,PUB_R3,4096,2,4098,23426481
XMSS-SHA2_16_256,PUB_R3,4096,3,4099,20868740
XMSS-SHA2_16_256,PUB_R3,4096,4,4100,23476740
XMSS-SHA2_16_256,PUB_R3,8192,-4,8188,3732963
XMSS-SHA2_16_256,PUB_R3,8192,-3,8189,3599148
XMSS-SHA2_16_256,PUB_R3,8192,-2,8190,3584593
XMSS-SHA2_16_256,PUB_R3,8192,-1,8191,21020778
XMSS-SHA2_16_256,PUB_R3,8192,0,8192,23494778
XMSS-SHA2_16_256,PUB_R3,8192,1,8193,20925092
XMSS-SHA2_16_256,PUB_R3,8192,2,8194,23287833
XMSS-SHA2_16_256,PUB_R3,8192,3,8195,21075000
XMSS-SHA2_16_256,PUB_R3,8192,4,8196,23444889
XMSS-SHA2_16_256,PUB_R3,16384,-4,16380,3753352
XMSS-SHA2_16_256,PUB_R3,16384,-3,16381,3544222
XMSS-SHA2_16_256,PUB_R3,16384,-2,16382,3688982
XMSS-SHA2_16_256,PUB_R3,16384,-1,16383,20941778
XMSS-SHA2_16_256,PUB_R3,16384,0,16384,23654611
XMSS-SHA2_16_256,PUB_R3,16384,1,16385,20879149
XMSS-SHA2_16_256,PUB_R3,16384,2,16386,23525944
XMSS-SHA2_16_256,PUB_R3,16384,3,16387,21019592
XMSS-SHA2_16_256,PUB_R3,16384,4,16388,23489296
XMSS-SHA2_16_256,PUB_R3,32768,-4,32764,3655371
XMSS-SHA2_16_256,PUB_R3,32768,-3,32765,3660722
XMSS-SHA2_16_256,PUB_R3,32768,-2,32766,3600500
XMSS-SHA2_16_256,PUB_R3,32768,-1,32767,20974111
XMSS-SHA2_16_256,PUB_R3,32768,0,32768,23625259
XMSS-SHA2_16_256,PUB_R3,32768,1,32769,20994852
XMSS-SHA2_16_256,PUB_R3,32768,2,32770,23506408
XMSS-SHA2_16_256,PUB_R3,32768,3,32771,21082852
XMSS-SHA2_16_256,PUB_R3,32768,4,32772,23479426
